name,category,subcategory,latitude,longitude,rating,reviewCount,address,description,website,phone,googleMapsUrl,mainImageURL,galleryImage1,galleryImage2,galleryImage3,galleryImage4
Phong Nha - Ke Bang National Park,,,17.477679,106.1340395,4.7,722,,"Sprawling national park in lush surrounds featuring a network of wet caves, rivers & waterfalls.",https://phongnhakebang.vn/,+84 232 3677 021,https://www.google.com/maps/search/?api=1&query=Phong%20Nha%20-%20Ke%20Bang%20National%20Park&query_place_id=ChIJ1Qr0lk66ODERsFgeYSxKO10,https://www.google.com/maps/search/?api=1&query=Phong%20Nha%20-%20Ke%20Bang%20National%20Park&query_place_id=ChIJ1Qr0lk66ODERsFgeYSxKO10,https://lh3.googleusercontent.com/gps-cs-s/AC9h4nqx4M-gMuGa9E_DGpC8hGe4XoAwM9Ncvzxmf2aiv31G-n6ATOzyoC6rT01cZZInvr_giLTr-0SOtJKB4FQCswUsiSVI_7qPcWJhkJyAtPtST3t5wTbvSqOmwmZ84K0tCHWJhtmD=w1920-h1080-k-no,https://lh3.googleusercontent.com/gps-cs-s/AC9h4nqi6lNhv00Nkxxihze4KSRBFwcxG_2bXnFm40H9DyEIvfPkz017rJO7kPZ9_-FYk1wugGBMR6R8-RfGGrJHhl2N7Jq8__Ki44HLZme27Q0h3XujtKrl29AbKC_6Y0ZOJcd2Cvde=w1920-h1080-k-no,https://lh3.googleusercontent.com/gps-cs-s/AC9h4nqU49zPxQbAcYZV5DUyWPrr-rlDLn-ShY9PguOG0-w8so5jRzH9docOV3lwzEFwXnfBcSmGz0v6ncJDxohP78ezYIMWE6rlOYr-cobuZvRkJ-nepXra7uT5CT7mpwRPiAS6m4T0=w1920-h1080-k-no,https://lh3.googleusercontent.com/gps-cs-s/AC9h4noUkfp49wszMdRGD4gcdyl48AGWg10HQ7w1edY0SfT4WoJBicb3l7O-VSh4dkfdBhbFmIDR2snhxP3MJ0w65VCtyIACyQtmPUq-yb1m_w8zpGtHXHgXNdq-ErmkY7AWyAe4YrNg=w1920-h1080-k-no
Bamboo's House,,,17.4884458,106.6272126,3.9,146,143 Trương Pháp,,,+84 933 270 726,https://www.google.com/maps/search/?api=1&query=Bamboo's%20House&query_place_id=ChIJGUHsnTJXRzERkUCbb_S_0iU,https://www.google.com/maps/search/?api=1&query=Bamboo's%20House&query_place_id=ChIJGUHsnTJXRzERkUCbb_S_0iU,https://lh3.googleusercontent.com/p/AF1QipNhTFosR6iK3kLXIVZZOHjXgna9L3yzXICYoM-C=w1920-h1080-k-no,https://dynamic-media-cdn.tripadvisor.com/media/photo-o/15/87/08/22/bamboo-s-house.jpg?w=2100&h=1400&s=1,https://cdn.worldota.net/t/1024x768/content/3f/16/3f161586a01d3f2096c1ab4828457ce1889eca99.JPEG,https://lh3.googleusercontent.com/p/AF1QipMj8ctI_sS51c7iK7NMk3Ei2_Y637oVDH0UQ_-q=w1920-h1080-k-no
Bao Ninh beach Resort,,,17.4607085,106.6444753,4.3,929,Đường Võ Nguyên Giáp,,,+84 232 3854 688,https://www.google.com/maps/search/?api=1&query=Bao%20Ninh%20beach%20Resort&query_place_id=ChIJKVOiPSVRRzER3cohvlarx24,https://www.google.com/maps/search/?api=1&query=Bao%20Ninh%20beach%20Resort&query_place_id=ChIJKVOiPSVRRzER3cohvlarx24,https://lh3.googleusercontent.com/gps-cs-s/AC9h4nrPXotmgkAUns5jxM8J9cibCEAuIT1Wp6YgDT1wGyHdVwh6k_qUhb7o_c0efBVnQQxmGXpnJvMtAc9_Hk6fgSCyZ61wUdSCAvrBfRqpHZRYMsSXWvXaU-W1sTWsvmRwjZrQWTWJ=w1920-h1080-k-no,https://cdn.worldota.net/t/1024x768/content/98/ba/98ba2bd808f7f367c01163d106a9ceda39bc8d08.jpeg,https://lh3.googleusercontent.com/gps-cs-s/AC9h4nq_Px4CRGJJ0GqTOFUTid49jOs9Cheej957s8aUeQEWeUfRaTIlueFRmhLbaD9sLI3TzJxvlw_xKdej0xbHEUwn7XcxIerGngxmZjM4VMO_jEKAIz8OcMvH_c8k4oQ6HdohaDU=w1920-h1080-k-no,https://cdn.worldota.net/t/1024x768/content/be/74/be743bbeaec3529e0499116f2a3af1b5ce2896e9.jpeg
Bánh khoái Tứ Quý,,,17.464644,106.6268376,4,512,17 Cô Tám,,https://www.foody.vn/quang-binh/banh-khoai-tu-quy,+84 232 3821 371,https://www.google.com/maps/search/?api=1&query=B%C3%A1nh%20kho%C3%A1i%20T%E1%BB%A9%20Qu%C3%BD&query_place_id=ChIJ_5JWcM1WRzERsjgB4hxRG4Y,https://www.google.com/maps/search/?api=1&query=B%C3%A1nh%20kho%C3%A1i%20T%E1%BB%A9%20Qu%C3%BD&query_place_id=ChIJ_5JWcM1WRzERsjgB4hxRG4Y,https://lh3.googleusercontent.com/gps-cs-s/AC9h4nrEWv-BqelmoACwpovREyrpKG4OPkEEGam8fnW0AtjEKnk7igE8BSMLZnlTQ2QfY6lFos3w4JoHCSJmxxagR8indmNrm6vZaoTe4EpNaH8KDCpyE97AylssKQC0MO23MuOq5l8=w1920-h1080-k-no,https://lh3.googleusercontent.com/gps-cs-s/AC9h4npyVOTw2K7pbN7pizh5WySglRsG-tjCcAi8x67RA4fIARvn0El9yPgLlpCS8EWYEdATCfiBZsHTIGsGZbTQAOYvFI0H4yNn3_WkRa4uaOE2OXHkDRqS_SP14RBfYP5glhlOifLP=w1920-h1080-k-no,https://lh3.googleusercontent.com/gps-cs-s/AC9h4npY0--5AWsinV96-Io5zcumFPA3_6yjKGU-hkVElEmBJBTE5cYq23QoKWEpvILk9BkB1O5HLSdipxCoKvliDnrkeGBsuUkhuHHuA4MWQCMYSmrGnNVe0OXXEfuDHNqaZkmzv62V=w1920-h1080-k-no,https://lh3.googleusercontent.com/gps-cs-s/AC9h4nqfaTQ9DQWIw8E5mlkBjx1VxpvLAflL4eJ1plHAcut8RqIm2i9okmClijc9ECd6dcf_hGrdNuhmeRjyCldHDC1eurcgfjKuTxN6UEZbT4MuiHJ0ymkIBC-uf_0TmH3bW8NEhB27=w1920-h1080-k-no
Bún bò Huế (KINH THÀNH),,,17.6110797,106.307289,5,13,J864+CWM,,,+84 775 359 035,https://www.google.com/maps/search/?api=1&query=B%C3%BAn%20b%C3%B2%20Hu%E1%BA%BF%20(KINH%20TH%C3%80NH)&query_place_id=ChIJd-GLBAC7ODERzM5e57U8uL4,https://www.google.com/maps/search/?api=1&query=B%C3%BAn%20b%C3%B2%20Hu%E1%BA%BF%20(KINH%20TH%C3%80NH)&query_place_id=ChIJd-GLBAC7ODERzM5e57U8uL4,https://lh3.googleusercontent.com/gps-cs-s/AC9h4nqfbSUXAkFjrseqnH0rTfQZnOa8IxmPVOKUadRxHbgEnMnca0WE8CBuvXYxGgCwnqccuZb5CS9r1zMmpENzxWUbKXhFtoRpKYNc0nPV4IJwnIECi11cheVKDHOfMzaMVLB--yk5=w1920-h1080-k-no,https://lh3.googleusercontent.com/gps-cs-s/AC9h4noQf078c7u_NV-vmkSYXCbZlHUREvhx6ZLT2qPnPLD3oKtmeV2WsWfzgOhLfQaUM5DrETIcNJMhsBVZ37ldc7DWYaQWPxOVoYL-f5g0I5KtKcjJcFJyL9GGtCHxQmAQ7cePRL3t=w1920-h1080-k-no,https://lh3.googleusercontent.com/gps-cs-s/AC9h4nrMZDpqZv3S67sY8PJ9p4yCqF7HB_oGShL3jqWwpfqYbWJl6uLQB6MFUV8J2adRwdYE3MI_QcMNQZigj5XU6b5bcUicIT3fnwVugWjgYgq-QwziojeL0gKlQSfqPWhFnTUWzP3y=w1920-h1080-k-no,https://lh3.googleusercontent.com/gps-cs-s/AC9h4npo1PTtke4RGxkVbygUWSQzXRNTEwDg6xY8X9ZNQZUpsBub_unIoLJHPukGd4nWbPPVVkiK-IYlqkGC-pKPXkeFaP2l65UQ6ZtiWcFNN3UPuJJQGkPQJnRSBmcbxq9F8B2NKKoG=w1920-h1080-k-no
Celina Peninsula Resort- Resort đẹp Quảng Bình,,,17.4604338,106.6446597,4.5,919,Võ Nguyên Giáp,,http://celinaresort.com/,+84 232 3900 999,https://www.google.com/maps/search/?api=1&query=Celina%20Peninsula%20Resort-%20Resort%20%C4%91%E1%BA%B9p%20Qu%E1%BA%A3ng%20B%C3%ACnh&query_place_id=ChIJIa91_atRRzERGAI7n9LO8mA,https://www.google.com/maps/search/?api=1&query=Celina%20Peninsula%20Resort-%20Resort%20%C4%91%E1%BA%B9p%20Qu%E1%BA%A3ng%20B%C3%ACnh&query_place_id=ChIJIa91_atRRzERGAI7n9LO8mA,https://lh3.googleusercontent.com/gps-cs-s/AC9h4noSs4YQO1k1IxdLBH2Njq2dzTz6EtrnU8kP8g_bRBQWZEng-m5xHhxulCeH_LjWC-5wYtC1Uxtt7tp6vsi4X-Cbb_oqyyWb-hjdTPN1Do-i-S9qkhlMOKZNFHYXuaeZQz4bmSme-Q=w1920-h1080-k-no,https://lh3.googleusercontent.com/p/AF1QipOtZIPDl5imdL9W1kAbS7T3sepqNJAVNKlWzJv5=w1920-h1080-k-no,https://lh3.googleusercontent.com/gps-cs-s/AC9h4noR2BF0Gjxlk_VDPmQX-izx1nvxJY69ZmXXE0mDmWvcO7FjXeqNv2sL3s_NAZ6JGGxxlP3PMMUaD379k5U__vSDoMERd2tfTaPfvR1vJOleXU5lNpJr_YkIC_OnxwGSsLyFZiXj=w1920-h1080-k-no,https://cdn.worldota.net/t/1024x768/content/13/da/13da38d34bc5a851b637b12a717b86742787db7a.jpeg
BinBin Homestay Đồng Hới Quảng Bình,,,17.5068264,106.6148254,4.4,21,240 Nguyễn Hữu Hào,,,+84 941 375 586,https://www.google.com/maps/search/?api=1&query=BinBin%20Homestay%20%C4%90%E1%BB%93ng%20H%E1%BB%9Bi%20Qu%E1%BA%A3ng%20B%C3%ACnh&query_place_id=ChIJMd49HENXRzERtjX_jrg4XMg,https://www.google.com/maps/search/?api=1&query=BinBin%20Homestay%20%C4%90%E1%BB%93ng%20H%E1%BB%9Bi%20Qu%E1%BA%A3ng%20B%C3%ACnh&query_place_id=ChIJMd49HENXRzERtjX_jrg4XMg,https://lh3.googleusercontent.com/p/AF1QipMhvo3wWC00S2HlOkjJieEn9WG2HPNcZZnBa5-5=w1920-h1080-k-no,https://lh3.googleusercontent.com/p/AF1QipOfFP2h9gomRjmnV3f1w-T-uKmVZiGjxqvsNkki=w1920-h1080-k-no,https://lh3.googleusercontent.com/p/AF1QipMl82v7eZ_RzOWCwVYS_kPWG2Q0lhS-_EF8ZqQe=w1920-h1080-k-no,https://lh3.googleusercontent.com/p/AF1QipPISSRbGwf7eSG6ITWoDHIVY8VpxtJh-PbnTUZV=w1920-h1080-k-no
Chày Lập Farmstay,,,17.6017277,106.2546176,4.4,696,,"Relaxed bungalows offering free Wi-Fi, plus an outdoor pool, bike rentals & a restaurant & a bar.",https://chaylapfarmstay.com/,+84 931 357 677,https://www.google.com/maps/search/?api=1&query=Ch%C3%A0y%20L%E1%BA%ADp%20Farmstay&query_place_id=ChIJs8YPa9W7ODERlOtgJXbYvTM,https://www.google.com/maps/search/?api=1&query=Ch%C3%A0y%20L%E1%BA%ADp%20Farmstay&query_place_id=ChIJs8YPa9W7ODERlOtgJXbYvTM,https://lh3.googleusercontent.com/p/AF1QipPRu8FwZBoWNgQ6DBos4F8k6GW0pAM5f-FIDX6Y=w1920-h1080-k-no,https://lh3.googleusercontent.com/p/AF1QipMUW5baxK9xRRp2Ie9LVCowpBY05MDFpivCv_Br=w1920-h1080-k-no,https://lh3.googleusercontent.com/p/AF1QipMBoRZtCAv7scs2S5jWmH-kwkM7Nvu7BzBfC9fz=w1920-h1080-k-no,https://lh3.googleusercontent.com/gps-cs-s/AC9h4nrzDVfUja1IEEZt5RIqhtCGyCSBHMgCKVurwEtGDvaZAUa78Zzb-T6Z4WXkEdzPfcL3QcCyj9FTZYDqBhZiSGXht7_QzCSJHb9OUm7ypMCr_C1_lgYinCadh2NIYU9xGphSRqJo3w=w1920-h1080-k-no
BEE PUB - PHONG NHA,,,17.6103887,106.3095841,5,324,ĐT20,,https://bee-hive-adventures.lovable.app/,,https://www.google.com/maps/search/?api=1&query=BEE%20PUB%20-%20PHONG%20NHA&query_place_id=ChIJk0p-dQC7ODERBfF1sLfp_Y0,https://www.google.com/maps/search/?api=1&query=BEE%20PUB%20-%20PHONG%20NHA&query_place_id=ChIJk0p-dQC7ODERBfF1sLfp_Y0,https://lh3.googleusercontent.com/p/AF1QipM4sbnWekRTRRApX0xEHX6EpQ_CAGH7vHhS_b-1=w1920-h1080-k-no,https://lh3.googleusercontent.com/gps-cs-s/AC9h4npZfO__sMwsThBhM1hlePOu6lXK1EyKDLDZupsQrQ7XRUjlDExGib5gD6iOC0Lx4JThM-F1xIf4LBHxL0qHWpFowNQ3_5VVJHofv5drMrUf4K6v2CalHOEdW0LdfR76kwCZoIzYF5GojkcM=w1920-h1080-k-no,https://lh3.googleusercontent.com/p/AF1QipM2MzOGPIyqw2hRMe5Lyd2Q8ndoqLbgciBec36b=w1920-h1080-k-no,https://lh3.googleusercontent.com/p/AF1QipPw-GgB-7k9JFSQ1i6MJxKKiILzFqYeuYoT26Y7=w1920-h1080-k-no
Cối Xay Gió Homestay Quảng Bình,,,17.460365,106.6384242,4.4,21,,,https://www.facebook.com/coixaygiohomestaycoffee.quangbinh,+84 905 959 388,https://www.google.com/maps/search/?api=1&query=C%E1%BB%91i%20Xay%20Gi%C3%B3%20Homestay%20Qu%E1%BA%A3ng%20B%C3%ACnh&query_place_id=ChIJAUBlfzVRRzERNNRu9V8I_pI,https://www.google.com/maps/search/?api=1&query=C%E1%BB%91i%20Xay%20Gi%C3%B3%20Homestay%20Qu%E1%BA%A3ng%20B%C3%ACnh&query_place_id=ChIJAUBlfzVRRzERNNRu9V8I_pI,https://lh3.googleusercontent.com/p/AF1QipN1iA_7FzvuWETQyFQLsJJ64EM8_kM60dd0lIP5=w1920-h1080-k-no,https://lh3.googleusercontent.com/p/AF1QipPq4z895T08A6npnYbcTu38ehvadH1uzJY9_8uJ=w1920-h1080-k-no,https://lh3.googleusercontent.com/p/AF1QipMsDp5Xz1ic8jrGN1sCJbm0DvwPFLtxpdsy60MH=w1920-h1080-k-no,https://lh3.googleusercontent.com/p/AF1QipPRAb8HzPli52L7ziD7T6CETRpID_PCF6FHcTzQ=w1920-h1080-k-no
Danh Lam Homestay(tân hoá.quảng bình),,,17.7713454,106.0393893,5,23,,,,+84 916 940 643,https://www.google.com/maps/search/?api=1&query=Danh%20Lam%20Homestay(t%C3%A2n%20ho%C3%A1.qu%E1%BA%A3ng%20b%C3%ACnh)&query_place_id=ChIJrSk1g4bpODERCVB71g7geNE,https://www.google.com/maps/search/?api=1&query=Danh%20Lam%20Homestay(t%C3%A2n%20ho%C3%A1.qu%E1%BA%A3ng%20b%C3%ACnh)&query_place_id=ChIJrSk1g4bpODERCVB71g7geNE,https://lh3.googleusercontent.com/gps-cs-s/AC9h4noCWQCMnZkGwPEURBtpCsZTGnUoemO5In0beGL3YHep-FBXL-OJTJkq6BMmZiT7N6qiOM0vr-H2YXXWFkqnm8qj4fc3R2a5s0BEvWN5ByZGd2C5A9Xmxa0K8mwlyKvsQ25rFlUc5A=w1920-h1080-k-no,https://lh3.googleusercontent.com/p/AF1QipM0eIPVtYcQlIXhpWtMd7GyI2E5pzJ_BeBPsO98=w1920-h1080-k-no,https://lh3.googleusercontent.com/p/AF1QipON3dBIbyrxiqk2j5NQQIN2CJ2yE2ZMCCRpOT2e=w1920-h1080-k-no,https://lh3.googleusercontent.com/gps-cs-s/AC9h4nriXrg09nKbgXC5rIjjB73iMnIZL3gm4SzLDzeBkLTtxDqmKGPY-bpZ598Pivpqsc8HIXAng0NAZfwk0Owmw_C2lWSMK_3zI3U7M73h1wliTZ09_5EN-fr2Ot6Y7FO8lAtcjFuduw=w1920-h1080-k-no
Coffee Lyly 89,,,17.5819114,106.2547529,4.8,82,Thôn chày lập,,,,https://www.google.com/maps/search/?api=1&query=Coffee%20Lyly%2089&query_place_id=ChIJW92OIQC7ODERgrNPuZME3ME,https://www.google.com/maps/search/?api=1&query=Coffee%20Lyly%2089&query_place_id=ChIJW92OIQC7ODERgrNPuZME3ME,https://lh3.googleusercontent.com/gps-cs-s/AC9h4nrt51SQYYeZrWLddOgV31XM_ubQbW8fYQo5mx7gpgN9qNxIF0n-ZpoGA2AjXsG3KWi2Phn4LC8kO-qhvXHkjnjk3-VwS1rM7ED_Nec_v-jvBAZdonhZS0KGzhLcszrBnzmgMLhz=w1920-h1080-k-no,https://lh3.googleusercontent.com/gps-cs-s/AC9h4npeLLzJPC5lsrQQjDYuahMlv7TsAZTUoHoOz2gmCNexQXVsIFP-vDUXEN-EenVCH_mq83Ip6x0lXP88kbE-wVoR-SHRjY7tt5u-q5KlbgXTLRyHQ6RmMV1_4iRXjQd56LhA58Jg=w1920-h1080-k-no,https://lh3.googleusercontent.com/gps-cs-s/AC9h4nrm_1uhmpyXVPdKG_HTciUhNNO-PAM70rMaHDOUMB9a7-JqRf4GftDTKeGVbxydiWtiwoIaQFLBMWGUD2Q-zcMx2-1zhzj41Z09yTAYIMz2ZEyjArPew9IityOniTVtBaQjYfymdQ=w1920-h1080-k-no,https://lh3.googleusercontent.com/gps-cs-s/AC9h4nqP1CRsCY7W_I1tJ_iExexRiRSh95axPyGtU4svbRNJuKdLfcBG00HjvFa-a2Hg0WMWLVWgmsckCZHwjJtVQBVCn39vE-FQVlPiLOyEaWvw062T6W9q8ClILSgO2wsYMAWZbX7abRsjp_nM=w1920-h1080-k-no
Dolphin Homestay,,,17.4766416,106.6234009,4.8,314,42 Nguyễn Du,Simply furnished rooms & mixed dorms in a straightforward hotel offering free breakfast & bikes.,http://dolphinhomeqb.com/,+84 985 668 563,https://www.google.com/maps/search/?api=1&query=Dolphin%20Homestay&query_place_id=ChIJa_YK_dVWRzERJeQXqDmgugE,https://www.google.com/maps/search/?api=1&query=Dolphin%20Homestay&query_place_id=ChIJa_YK_dVWRzERJeQXqDmgugE,https://lh3.googleusercontent.com/p/AF1QipMRA6lMjhV1vsuQ3e4bnFnvJHktf8w5vhBp89nt=w1920-h1080-k-no,https://lh3.googleusercontent.com/gps-cs-s/AC9h4nrWIWSErEOCb9oUQhkbirgF8SUwVsQqtQVX3bnHnk8C82SpssunUZ84HmUrXa8YhLPnlV0zahB2XzJHbbYC7WXt6ib_f0AboF6SpVAMN4NF21cZ-z-uobIIc8DVx9ELSXs85FUU=w1920-h1080-k-no,https://lh3.googleusercontent.com/p/AF1QipOJYBp27WEkSV9Z_27yXm-vmfeE81zi5N4V4tx3=w1920-h1080-k-no,https://lh3.googleusercontent.com/p/AF1QipP_JFAuc-Pt7WaUdrrKFBGYKzDFJ_hFMjkhbjTw=w1920-h1080-k-no
5 ELEMENTS,,,17.6215767,106.3682372,5,3,J9C9+J7Q,,,,https://www.google.com/maps/search/?api=1&query=5%20ELEMENTS&query_place_id=ChIJIZjNQAClODERkjAYUqkLVhU,https://www.google.com/maps/search/?api=1&query=5%20ELEMENTS&query_place_id=ChIJIZjNQAClODERkjAYUqkLVhU,https://lh3.googleusercontent.com/gps-cs-s/AC9h4nrmkHmAmixDKd4mcH31ubnX17m6j6mBaN1Ccs72rlCBs7CrQh1JY4-6eyysnSPuICKAKaYIGWVCGqjCnSuJFaKsR66LcquJP2pSDyyHTNyXI-aCSnW4rUCp6p_cUVOg5_-kCTWBtw=w1920-h1080-k-no,https://lh3.googleusercontent.com/gps-cs-s/AC9h4noaFs11Ap-AzSEpsqYEPunekdbJPCSUct765PnWTSUzDiAm3hgycI5hC9Qg-CoSlD5iJrpLFe3hftH9CJbEYL56LLCMtVzOHItO81_H6qJi27MaGBfwulXjRSPmlFc8MZYfqEZgmQ=w1920-h1080-k-no,,
East Hill - Phong Nha,,,17.6180457,106.3647241,4.5,296,"Cầu Bùng, Cà Phê đồi",,https://www.facebook.com/East-Hill-Phong-Nha-237868583268158,+84 948 953 925,https://www.google.com/maps/search/?api=1&query=East%20Hill%20-%20Phong%20Nha&query_place_id=ChIJwZmPgjilODERcgUhQXX0kqE,https://www.google.com/maps/search/?api=1&query=East%20Hill%20-%20Phong%20Nha&query_place_id=ChIJwZmPgjilODERcgUhQXX0kqE,https://lh3.googleusercontent.com/gps-cs-s/AC9h4nr9d7fa4DmykYNQ_E_AXBp6aKdE-nPg2FtyCiINXi_U4Uvy8ojrfM8-wKZqJ8Kc5VnPxq7MNCWpvwk6OXXh6haPPQD_yNU2G48Vuz7r1TfMc3d9k_EhmlXPO1q7H7f1rfoNZ6vcjhWPy08w=w1920-h1080-k-no,https://lh3.googleusercontent.com/p/AF1QipO_o3mlUqdR9YFw-oKBhyiRuPgtAW89MEgVdlY_=w1920-h1080-k-no,https://lh3.googleusercontent.com/gps-cs-s/AC9h4nr4m-13iOhXvGr8jXhcIyUc_JaU6jLAP9vW3N4V5NYYK5PE2ZGfVqYneYy4A3qxk-L_VK_1wVINRUkLs3z6Ww5h8Hbg2EepEskQs2_2yAKG6UMmKBcFrWru_JEcmJL6RbeRzI0MTNG0Qr0=w1920-h1080-k-no,https://lh3.googleusercontent.com/gps-cs-s/AC9h4nqCx0Bw7P65-ia2W8e3wOcG-WWop669d_-SiOTakp_FSB7Kc7YXk6pwHD6Z8-vyi2a9GpyxwEDlNnZBP0g7Q1Ds3wBg-phUitzXYPFlDfGJM32-JikkONjfTWC-1qECt1-tBlsL=w1920-h1080-k-no
Fami Homestay,,,17.6165394,106.3215641,4.3,29,,,,+84 942 808 823,https://www.google.com/maps/search/?api=1&query=Fami%20Homestay&query_place_id=ChIJb3g8nHi7ODERfVJQjJwsnmU,https://www.google.com/maps/search/?api=1&query=Fami%20Homestay&query_place_id=ChIJb3g8nHi7ODERfVJQjJwsnmU,https://lh3.googleusercontent.com/p/AF1QipOxXgbOoMhP1zEryQZVWLa4boathBZmGb3JHmFr=w1920-h1080-k-no,https://lh3.googleusercontent.com/gps-cs-s/AC9h4nqkSjonq0RYOwL6xqf_21Ce2mfNBDD1kY007QiegJj0-Sv19NLaSRlnl-DlVAG74Z6FryLu3hb8-ZZpuJvOCU2w29zsaWYPtb4bj2DJqUh-08kjuCBu3eZFdOzwwzfIqX_t_n_k=w1920-h1080-k-no,https://lh3.googleusercontent.com/p/AF1QipP38f2g_vR-Dhwwm5NycIrtbfFnIqAYuJ5Pl_um=w1920-h1080-k-no,https://lh3.googleusercontent.com/p/AF1QipNnvzSlrMo8XmTqT4yXR8Vd0kbOw_zvSeySBC2D=w1920-h1080-k-no
Central Backpackers Hostel - Phong Nha,,,17.6091221,106.313292,4.5,451,Xuân Tiến,"Informal hostel offering free happy hours, plus an outdoor pool & a low-key restaurant/bar.",https://centralbackpackersphongnha.com/,+84 232 6536 868,https://www.google.com/maps/search/?api=1&query=Central%20Backpackers%20Hostel%20-%20Phong%20Nha&query_place_id=ChIJzfLIkZ27ODERc24b5hQ_PuI,https://www.google.com/maps/search/?api=1&query=Central%20Backpackers%20Hostel%20-%20Phong%20Nha&query_place_id=ChIJzfLIkZ27ODERc24b5hQ_PuI,https://lh3.googleusercontent.com/gps-cs-s/AC9h4no5HXNtuOtk4PCXud24TmdfiUNolnVUso5WRp_EfegyiSr0Ce4VXWjo5-rRqWqQS92nv5Fbpb-Qc7TPkdeNUITysTRjvuzE9aeDlx0ZUH_78oh78bjUx8geA9b-UHGUrBFN41jw=w1920-h1080-k-no,https://lh3.googleusercontent.com/p/AF1QipPEsiF6Tbx5tWPHABLXZreJuu_ngUMcs_E1jAML=w1920-h1080-k-no,https://lh3.googleusercontent.com/gps-cs-s/AC9h4nq2wYZOstY3CU-_PoVxb9lOp75B0MbLWxXWyLstQssLpD9e5KRTp1eK07f0iE4wZPhseLr_Y3CaIJX_vaAvbzOCeifHQTmkJwzCOm01dQWNVjl1NmiqYCm4s3nsTB5QpvSXKA18Mw=w1920-h1080-k-no,https://lh3.googleusercontent.com/p/AF1QipNjHmuDgzujvtms7pmKg_4SNBWdsTWcxJqnxySD=w1920-h1080-k-no
Gold Coast Hotel Resort & Spa,,,17.4666076,106.6405238,4.6,1577,Đường Võ Nguyên Giáp,"Posh rooms in an upscale beachfront resort with a pool & a spa, plus 2 restaurants & bars.",http://www.goldcoastquangbinh.com/,+84 232 6256 666,https://www.google.com/maps/search/?api=1&query=Gold%20Coast%20Hotel%20Resort%20%26%20Spa&query_place_id=ChIJg-IFxShRRzER5Qp1HUKmDIM,https://www.google.com/maps/search/?api=1&query=Gold%20Coast%20Hotel%20Resort%20%26%20Spa&query_place_id=ChIJg-IFxShRRzER5Qp1HUKmDIM,https://lh3.googleusercontent.com/gps-cs-s/AC9h4no901bk9_4DRIaJwBvZuxTNAtGjvnsZ9PxvhdmJbRE8tuxoGIUtIIkyCh8H1p903BnK2sJXJtynwXcBMv-ozg7tj_w9uAU6W-671k6-_tCZXvQ3FMAqA-m6RJmHwESlofMwv1aDIg=w1920-h1080-k-no,https://lh3.googleusercontent.com/p/AF1QipNCT5R1ckU0yZTD0gMQ2mhb-cjnknfUWWxRbcTX=w1920-h1080-k-no,https://lh3.googleusercontent.com/p/AF1QipPTQ-xFK1kQ6KpX_Nns9UzfVKLIgbyGdEw9BFe_=w1920-h1080-k-no,https://lh3.googleusercontent.com/p/AF1QipPq69pc_CXStSnqkIN4CEi4nDxWCoQ4n56AqIsy=w1920-h1080-k-no
Phong Nha green riverside city,,,17.6192425,106.3342258,5,2,J89M+MM,,,,https://www.google.com/maps/search/?api=1&query=Phong%20Nha%20green%20riverside%20city&query_place_id=ChIJxYA_Iwm7ODERmcstYh4jt5o,https://www.google.com/maps/search/?api=1&query=Phong%20Nha%20green%20riverside%20city&query_place_id=ChIJxYA_Iwm7ODERmcstYh4jt5o,https://lh3.googleusercontent.com/gps-cs-s/AC9h4noolQGJelPsliM3q8geq7Jiifs_Cazw1Ok_yfOOGg74URweClBWmJFW5KosPvsTwC1KewRyZG9WeZelP-cMJHzP8jNy0_NEvN7OVror-ImeHhQoDZK9VogsqWPDJ9xebqxek-w=w1920-h1080-k-no,https://lh3.googleusercontent.com/gps-cs-s/AC9h4npZ23VTJslQo5JEWK1E_Yzye2-ZI90jRIoxrUumVWRjpT-BT0deEb6swwUMAuXPVcBsDBG1cewl2hloeh6UtpuOI4q1DRgzHesje-E3I_6VuQEVU0Z-coDP0oFWSOzxNF527DIi=w1920-h1080-k-no,https://lh3.googleusercontent.com/gps-cs-s/AC9h4npvGFY9CPAIou6O6bQNbs95PeFBtmZIzHgXsuKzZdLVlw0NRPliHUGfMVV_SbT-uoyQdJV9xJ_H3357dkR6I_bORH33HBeEamosQ54CwfeFsazR1azolrwsnMz4vE-yVJACmifmyg=w1920-h1080-k-no,https://lh3.googleusercontent.com/gps-cs-s/AC9h4npeNJy--9rS4TGkt4UvYtXh2MlpaFMXEMAftdxmF8DqEQouIndpxAgJv3JfPJPrqRK0AkaWW86ZH9EYrJTi-k1vldnDkyLCaRo_tCLofjKMhI_ll1UswNQ_or5iaZSrxBd8Bzdn=w1920-h1080-k-no
Duy Tân Resort Quảng Bình,,,17.4618638,106.6435951,4.1,336,,,http://duytanhotel.com.vn/,+84 232 3686 696,https://www.google.com/maps/search/?api=1&query=Duy%20T%C3%A2n%20Resort%20Qu%E1%BA%A3ng%20B%C3%ACnh&query_place_id=ChIJExABYTdRRzERsCKs-vtMyxo,https://www.google.com/maps/search/?api=1&query=Duy%20T%C3%A2n%20Resort%20Qu%E1%BA%A3ng%20B%C3%ACnh&query_place_id=ChIJExABYTdRRzERsCKs-vtMyxo,https://lh3.googleusercontent.com/p/AF1QipPuOaDj1UGf69SOLE5NP7Ttd6EimP0sITQ8TTT8=w1920-h1080-k-no,https://lh3.googleusercontent.com/p/AF1QipMHKPbXegrN7lD1_CL3bjeGVKCT9JFmKKA-4S-S=w1920-h1080-k-no,https://lh3.googleusercontent.com/gps-cs-s/AC9h4npj-C8_aADb4Jtx9HIwIQ1WjUSkER4g4kOXH6tXku9kD5MXVmP58mqyru6OA1fUQ1t_zFGSEb2u6pfVkD7L0-Un6gg0ZdiEQ1TX3N1Y1WEsp3Kt2tIIqkBqTr6rlWedXGRI4Gz9ZA=w1920-h1080-k-no,https://lh3.googleusercontent.com/p/AF1QipPDEgYVt1Z4g3TxFUeJ6et61veNPKKISDCfaZak=w1920-h1080-k-no
Genkan Vegan Cafe,,,17.4745151,106.6219824,4.6,93,Đường 56 Dương Văn An,,,+84 989 631 186,https://www.google.com/maps/search/?api=1&query=Genkan%20Vegan%20Cafe&query_place_id=ChIJWyBXPRNXRzERDSO6AgfOpBU,https://www.google.com/maps/search/?api=1&query=Genkan%20Vegan%20Cafe&query_place_id=ChIJWyBXPRNXRzERDSO6AgfOpBU,https://lh3.googleusercontent.com/gps-cs-s/AC9h4nrN0cYkfyYzb63qm-qdES32JizgIRsujY8uLWSk6cz66vn6B4pSknd8s-2-H7PITnfgygxhtdAhDq5qMQ1IggHQuKzJe_inK2wmuCSUryT0lEn0_bC94jCk6tG4TbrI1kPSKGqDpb1QzOG4=w1920-h1080-k-no,https://lh3.googleusercontent.com/p/AF1QipMhqFLmRBihs0P3zpWbkZNi6KjuePA3C3k11xRH=w1920-h1080-k-no,https://lh3.googleusercontent.com/gps-cs-s/AC9h4npKPKdZ7q1hkYWu6p0nCMJFJDP0J29ei_Yk-tKRpC0u8vsJQPkipU7xNpIROBpbHDQqrxj7sJeQeZFG2C_J2tx7i4GmrN29CcdHu5n6wQ3QGxoCT-aa2TvcRdE_-XEu8HThZ2s5=w1920-h1080-k-no,https://lh3.googleusercontent.com/gps-cs-s/AC9h4nr6LIWFkijr5pGWwR44Di4N8y84Pq0-mNGGaEF_x5ftRVrs94XSreljYNJ2h8-uDCNLaY0JqR4E-G9L0ypoSuMQZ5c0eQFNzv70kAdHi9fE0j5rzAIvKcyymolRDSb0LfUlPrjUgw=w1920-h1080-k-no
New Beach - OVAN,,,17.5025194,106.616992,4,1,18 Nguyễn Hoàng,,https://www.ngoinhakhoedep.vn/newbeach,+84 966 709 333,https://www.google.com/maps/search/?api=1&query=New%20Beach%20-%20OVAN&query_place_id=ChIJE7PSxElXRzERZTti_qoTkRU,https://www.google.com/maps/search/?api=1&query=New%20Beach%20-%20OVAN&query_place_id=ChIJE7PSxElXRzERZTti_qoTkRU,https://lh3.googleusercontent.com/p/AF1QipO_ejaRQaQkSlWv4-JlWB_Ca7qBhRUpKk3lhGMb=w1920-h1080-k-no,https://streetviewpixels-pa.googleapis.com/v1/thumbnail?panoid=Upf7bBGKAkCWnUPSI00vrw&cb_client=maps_sv.tactile.gps&w=203&h=100&yaw=220.17531&pitch=0&thumbfov=100,https://streetviewpixels-pa.googleapis.com/v1/thumbnail?panoid=c5K8tpWTPmZrJpq1-qJHsw&cb_client=maps_sv.tactile.gps&w=203&h=100&yaw=285.79053&pitch=0&thumbfov=100,https://lh3.googleusercontent.com/gps-cs-s/AC9h4nqORenMGz4lC1T4Jddbwop-jj1pBMMV1TkTDdhcNAp_8y1ts2D7IU_fWQw6kAeR3KII8tcxWkHdwgFApJnpdmS0E8s07k4uapm7b1JIavRAHXKCEa3aqO8Up_ZjQUUce8fwafbo=w1920-h1080-k-no
Nem Lụi - Bún Thịt Nướng LyLy 1,,,17.4706078,106.6170077,4.4,33,124 Đường Hai Bà Trưng,,,+84 911 027 373,https://www.google.com/maps/search/?api=1&query=Nem%20L%E1%BB%A5i%20-%20B%C3%BAn%20Th%E1%BB%8Bt%20N%C6%B0%E1%BB%9Bng%20LyLy%201&query_place_id=ChIJ0-qDdsFXRzER41jiFJMVFUo,https://www.google.com/maps/search/?api=1&query=Nem%20L%E1%BB%A5i%20-%20B%C3%BAn%20Th%E1%BB%8Bt%20N%C6%B0%E1%BB%9Bng%20LyLy%201&query_place_id=ChIJ0-qDdsFXRzER41jiFJMVFUo,https://lh3.googleusercontent.com/p/AF1QipNinw6sHcrlNAvq8gZcnDda_I-q5L5-J7WET6j8=w1920-h1080-k-no,https://lh3.googleusercontent.com/p/AF1QipOIUvp9rLiKiTWrTyeo1pjydgxjLdnGkyp80Tj3=w1920-h1080-k-no,https://lh3.googleusercontent.com/gps-cs-s/AC9h4nr619VT-5GFA5mRKJbi5cwZ2Ma_6FEN1p2-yg-HyWzmkzKXmbawsLUN402GH3cwvOB0jCztIKZeVYeCCZGtn4cYrcOMSdZRvQHH7gbvc45zOwV_S61tDVQNysgLLmcL_JDbU1zqaA=w1920-h1080-k-no,https://lh3.googleusercontent.com/gps-cs-s/AC9h4npVOufmX55_zfYVxOOrXHWQpX8Wb4G6641nq_NVJhzgk2J_Hyf8Lllunb2GeuRN8ypZpICVp0q0m2qQ386bEvBZ4vI7RYRMATQbaOJdm_e6pGs9-bor-NrjcEOsBrWqtp144Ndk=w1920-h1080-k-no
Monkey Bridge - Cuong Rung Farm,,,17.5860329,106.3481038,4.9,1032,,,,+84 969 013 681,https://www.google.com/maps/search/?api=1&query=Monkey%20Bridge%20-%20Cuong%20Rung%20Farm&query_place_id=ChIJ4yc1mCylODERSm0GfyiNMvM,https://www.google.com/maps/search/?api=1&query=Monkey%20Bridge%20-%20Cuong%20Rung%20Farm&query_place_id=ChIJ4yc1mCylODERSm0GfyiNMvM,https://lh3.googleusercontent.com/p/AF1QipO5MqfyNuGFyOUEJHbO9okNVqBjs17S5_c1FLMO=w1920-h1080-k-no,https://lh3.googleusercontent.com/gps-cs-s/AC9h4nqiSv7BldQbQ0hIehZ-Zaonwfej6z7yPM0f6kzKkn9G1iNnu28iKLn2YLN0qg9522oE3nht5z7rT5KyBHH1dwfaMQE5MtxVLbSXXBYXIT88FFBOUNfVzmQtfNKPe_N0zg5KTbE=w1920-h1080-k-no,https://lh3.googleusercontent.com/gps-cs-s/AC9h4nqbKMqVStvAr8LDv4qpzDcl3WfAM_iV1UP3xrTbsWtxtpkc0as0jA3_7PoMtPv7xS21wZJVO7cS3r_32iqXL5c1cdoypyBGOH-byg467bPG9_Jh5cEImjhUbvzouayKFHdO_SDW=w1920-h1080-k-no,https://lh3.googleusercontent.com/p/AF1QipOHJ4IBq0gb12yjsA9MJQK6pmi5Avs1LESthk-d=w1920-h1080-k-no
Nguyen Shack Retreat,,,17.600623,106.3288853,4.8,431,,,http://nguyenshack.com/,+84 966 551 103,https://www.google.com/maps/search/?api=1&query=Nguyen%20Shack%20Retreat&query_place_id=ChIJiaOkB-a7ODERZV-DbwKn_UQ,https://www.google.com/maps/search/?api=1&query=Nguyen%20Shack%20Retreat&query_place_id=ChIJiaOkB-a7ODERZV-DbwKn_UQ,https://lh3.googleusercontent.com/gps-cs-s/AC9h4npxC958QT00t_AKt0GEtwp0GfnpithUidzRx4tkj5qckygIBXdowuP6csywx-hyCYLGK5P6jhz3jPD6pcE8PhaweAEXSxnlmUoWpKRPMFFA-wPiJlnIU8XDPbI98f-AzjWV2FAdXp4vwO9W=w1920-h1080-k-no,https://lh3.googleusercontent.com/gps-cs-s/AC9h4npmkHe-w6TZ4y6VnOUE4hipPmVAMzcw98M3D0Y8C7bKlHVGpf_pM1SUmM8S2VQ1QiJfwF0iwlTHLXYKF9QtVE7h3V1us73sLEn2nd8EMQwyueBhKXezGjcsT2f3670RINoCsOmB=w1920-h1080-k-no,https://lh3.googleusercontent.com/p/AF1QipOlpaEJq0NncDY2y3xgy7sxu0Qfma7pdikcO26G=w1920-h1080-k-no,https://lh3.googleusercontent.com/p/AF1QipPQekGVIRkNJsw1ct-2y_2cmMfDMvayT6IzVekE=w1920-h1080-k-no
Nava Hotel & Resort,,,17.4907169,106.626684,4.8,30,165 Trương Pháp,,http://navahotelquangbinh.com/,+84 232 3889 999,https://www.google.com/maps/search/?api=1&query=Nava%20Hotel%20%26%20Resort&query_place_id=ChIJx2U5_vhXRzERTjomYu82seM,https://www.google.com/maps/search/?api=1&query=Nava%20Hotel%20%26%20Resort&query_place_id=ChIJx2U5_vhXRzERTjomYu82seM,https://lh3.googleusercontent.com/gps-cs-s/AC9h4npivSMFI80v7giLaBZgNNCB6M1gxaRqLgGn7fJeLgefkrk5-ivtAu3UizZOODhKtjYGFvJnCjAj2Iqy5P5IahLx1ePc6mSsjPeOjMeBE5jGKWsxOABSodk8WegUuKxQbXLW4FC23w=w1920-h1080-k-no,https://lh3.googleusercontent.com/gps-cs-s/AC9h4npMaJwcLLDyVAb8ZVZTgs7zmYmceZpwqP27JK4Pu3sqeC-3r0-Y6R40VhGFow2QpPpLftza3JR1SeLm-Nr8Bp9W__oE98kZbJqKC2OzG50XWtw-tMfzzko2bKqTnpU1-RHj5vfWUS5LHRI=w1920-h1080-k-no,https://lh3.googleusercontent.com/gps-cs-s/AC9h4npGoJn4brA-TUkgq0gWlI3UpriUyj5TzFdiN0Pnm6n9aNQ971lStI7_tuGkIdP0BpnV1h-9X8GNEv5-rlkXrbGbyp5KKfl6f2Vg4D-fZaGRw2KU-8UPRmZ6opIESAABnl2CtfG0=w1920-h1080-k-no,https://lh3.googleusercontent.com/gps-cs-s/AC9h4npwg4aB-tfqKEjH2YkSnVm4eiMBEGP66dfgtt8wT5BGliLIiioEZ1KvdVaNrlICXGjqG5JzAcSoJjYhw2M2sv-cwlaRV8gQEXdUbvdFWcwjJvWmF22nwdV2RAcCl1-MOJJowID-hFUTOiI=w1920-h1080-k-no
Nhà hàng Bình Thiên Đường,,,17.5814208,106.2545996,5,8,Đường Hồ Chí Minh - Nhánh Tây,,https://www.facebook.com/bop.binh.547,+84 917 127 444,https://www.google.com/maps/search/?api=1&query=Nh%C3%A0%20h%C3%A0ng%20B%C3%ACnh%20Thi%C3%AAn%20%C4%90%C6%B0%E1%BB%9Dng&query_place_id=ChIJiSfxEqu7ODERjrxI4M1Pa9Y,https://www.google.com/maps/search/?api=1&query=Nh%C3%A0%20h%C3%A0ng%20B%C3%ACnh%20Thi%C3%AAn%20%C4%90%C6%B0%E1%BB%9Dng&query_place_id=ChIJiSfxEqu7ODERjrxI4M1Pa9Y,https://lh3.googleusercontent.com/p/AF1QipNq1nUAB0ogqP2V3HWkmxF55dk4osvyVV2NhWm9=w1920-h1080-k-no,https://lh3.googleusercontent.com/p/AF1QipPn8A3NRcBY-mcoFJgfd7GCWQdQp4oy3lao2fUc=w1920-h1080-k-no,https://lh3.googleusercontent.com/gps-cs-s/AC9h4nqVZGzo3HKuE8r4yx-yjgPWGbe4GasJK-TUcODTOe9xX3aOFnweiDVbRVEi0kx6SV4vip_DTR1f-S0JmPekBarULqAfweAkIJ9bbEVHmORNwbgRvfRUVDW6rUQFVT0w-8nC-gzgwjMNLTjl=w1920-h1080-k-no,https://lh3.googleusercontent.com/p/AF1QipMlS137UyQsfVIityIs1vNbm9DYi15lYgRfowJT=w1920-h1080-k-no
PHONG NHA FAMILY RESTAURANT (NHÀ HÀNG GIA ĐÌNH VIỆT NAM),,,17.6134894,106.3161763,4.8,511,Thôn 1 Cù Lạc,,,+84 334 046 065,https://www.google.com/maps/search/?api=1&query=PHONG%20NHA%20FAMILY%20RESTAURANT%20(NH%C3%80%20H%C3%80NG%20GIA%20%C4%90%C3%8CNH%20VI%E1%BB%86T%20NAM)&query_place_id=ChIJA7HheBi7ODERFHwNQJv7s2Q,https://www.google.com/maps/search/?api=1&query=PHONG%20NHA%20FAMILY%20RESTAURANT%20(NH%C3%80%20H%C3%80NG%20GIA%20%C4%90%C3%8CNH%20VI%E1%BB%86T%20NAM)&query_place_id=ChIJA7HheBi7ODERFHwNQJv7s2Q,https://lh3.googleusercontent.com/p/AF1QipPMC3bpxnzBr8sa8YybIWVLXVBYVzI_o73u59Q=w1920-h1080-k-no,https://lh3.googleusercontent.com/p/AF1QipOuS45IluClGJB_jKJ3QfHnzThbS8zXhTHm-HQ=w1920-h1080-k-no,https://lh3.googleusercontent.com/p/AF1QipM2jNYOZA-8RZRx2tbr6eBCxXjY15XKaJ5llP4=w1920-h1080-k-no,https://lh3.googleusercontent.com/p/AF1QipNt1HpEjZwMo8dXfdW9o_3ypcMni32xSynnCv0=w1920-h1080-k-no
Nhà hàng Chang My,,,17.5791218,106.2544042,3.8,33,"H7H3+JQR, Hồ Chí Minh Tây",,,+84 917 065 171,https://www.google.com/maps/search/?api=1&query=Nh%C3%A0%20h%C3%A0ng%20Chang%20My&query_place_id=ChIJwVkInda7ODERxMaO3U4NIEw,https://www.google.com/maps/search/?api=1&query=Nh%C3%A0%20h%C3%A0ng%20Chang%20My&query_place_id=ChIJwVkInda7ODERxMaO3U4NIEw,https://lh3.googleusercontent.com/gps-cs-s/AC9h4npxAe9AP7YFzEv_rp6eGGWcfEPs38QZGnXnSNaphRhuT6VBQBw39Zpq5pzRLWVXj4AlAM5aCq34L6piHViJ56LdDmTx3vQbQFBq2A25HMKqT1ejHhMd9JYVw175DzMh8fXTvpm8=w1920-h1080-k-no,https://lh3.googleusercontent.com/gps-cs-s/AC9h4nrxvRC04MvnjbELFmqiYX8CmJFWGmedVd4h-kbvrMtkSc10B0XhCjG0ZeKtJJ7XBI-JNV16Uup6leh9l49oFDwkrramimOQh2WcJbM62vPHiLSbmhXCYywn4hmi5zSm84NabgxrvA=w1920-h1080-k-no,https://lh3.googleusercontent.com/gps-cs-s/AC9h4noZ_Z2QTAfnmZ9DgZkGpZYLv8AAtui9XFdjZf_LO6QNP2pAYPC6BN-czZRFNkRn3kTQoOxeuuKJu2PFDftWJYUpZr8aCMFfb1L6NqgO402eJqBw5s9Ywbl41iU3ygnKgcoFyVM-=w1920-h1080-k-no,https://lh3.googleusercontent.com/gps-cs-s/AC9h4nqy0-R98HAhnG_NtJiJuHLnx3zhWvwmmULh5r-9rp1lrVoZlo_Z8SJfOVq6zvRmcU9MOaGHHA8zfPPdTeYMxZ8CbbW6489HHjuxy7C03uEYdb7oysPH4lrTpIkyROOSHqVnTi7d=w1920-h1080-k-no
Newlife Homestay( thiện tâm homestay),,,17.4995865,106.6223292,4.1,51,Trương Pháp,,,+84 338 720 228,https://www.google.com/maps/search/?api=1&query=Newlife%20Homestay(%20thi%E1%BB%87n%20t%C3%A2m%20homestay)&query_place_id=ChIJn56ZuuxXRzERzrPqyEXnECk,https://www.google.com/maps/search/?api=1&query=Newlife%20Homestay(%20thi%E1%BB%87n%20t%C3%A2m%20homestay)&query_place_id=ChIJn56ZuuxXRzERzrPqyEXnECk,https://lh3.googleusercontent.com/gps-cs-s/AC9h4noTvq2S-rDLQaFI4CMvEnPrJjRnQmYBdL_DqJ6PS-DL4EGvkr-mjFGo-H074Ha1U0zuuZGrR_oyVZcYn0MdIpj9rT-klE6QgAD-ppnUBLULA8sTzY1JZbkI3KumqFIxkX2GPooZIA=w1920-h1080-k-no,https://lh3.googleusercontent.com/gps-cs-s/AC9h4npzYTW04ENdwBEX_RESr_vP4Q8kjRqClAC5rM6IgC7pMa6v3cKG4vYsVkXMOI9Hiu_bc7hYYqaP44b99vik8F6BLnIU7sxEpyqnRFhgDPGgCsIoMaS2QWcE783bi-bKL2HeTb9lQA=w1920-h1080-k-no,https://lh3.googleusercontent.com/p/AF1QipN04NVtH3SAIntwOaoC2JFaE7F1GVqh34T6EbdB=w1920-h1080-k-no,https://lh3.googleusercontent.com/p/AF1QipPfAAS8f6K47-XYO6ZkxL2TZYje6m4DVnCAFn6G=w1920-h1080-k-no
Nhà nghỉ Đồi Sim,,,17.5808536,106.2541923,4.4,12,"H7J3+4P8, QL15",,,+84 357 261 779,https://www.google.com/maps/search/?api=1&query=Nh%C3%A0%20ngh%E1%BB%89%20%C4%90%E1%BB%93i%20Sim&query_place_id=ChIJkzhBCwC7ODERQw4yyu8ojhI,https://www.google.com/maps/search/?api=1&query=Nh%C3%A0%20ngh%E1%BB%89%20%C4%90%E1%BB%93i%20Sim&query_place_id=ChIJkzhBCwC7ODERQw4yyu8ojhI,https://lh3.googleusercontent.com/p/AF1QipN3b9VXuqhqP0QPlXVB_EbUYeJ8Tl2SY7ZOkzSd=w1920-h1080-k-no,https://lh3.googleusercontent.com/p/AF1QipMrqk00e2TXjcTM1GAadOH157D3-53hsOZenof5=w1920-h1080-k-no,https://streetviewpixels-pa.googleapis.com/v1/thumbnail?panoid=-eUCrS-frhpiVyyRzDY36Q&cb_client=maps_sv.tactile.gps&w=203&h=100&yaw=294.79382&pitch=0&thumbfov=100,https://lh3.googleusercontent.com/gps-cs-s/AC9h4nqYz8WFRWAznGIWiqOlzRY6NgRP6UcvYDOBD__BA0WAJhWIU9Iw9ehMjdr0Jt530RFFSjs2yzeiffwhoZCQFoVTCZpt4af7CLEOySgoVVpmof5T5OVxU5w8FNjExVKZaRMbF-sQ=w1920-h1080-k-no
Nhà vườn Thuyền Trưởng (The Captain's Garden House),,,17.4487466,106.6409599,4.4,14,Điện Biên Phủ,,,+84 847 399 999,https://www.google.com/maps/search/?api=1&query=Nh%C3%A0%20v%C6%B0%E1%BB%9Dn%20Thuy%E1%BB%81n%20Tr%C6%B0%E1%BB%9Fng%20(The%20Captain's%20Garden%20House)&query_place_id=ChIJCTIoa7RRRzERYdVErArHRoc,https://www.google.com/maps/search/?api=1&query=Nh%C3%A0%20v%C6%B0%E1%BB%9Dn%20Thuy%E1%BB%81n%20Tr%C6%B0%E1%BB%9Fng%20(The%20Captain's%20Garden%20House)&query_place_id=ChIJCTIoa7RRRzERYdVErArHRoc,https://lh3.googleusercontent.com/p/AF1QipNLU7lLMnLx2lYgvN546dl9pLojKMq3hCgNpZuW=w1920-h1080-k-no,https://lh3.googleusercontent.com/p/AF1QipOOAd-xUSuh9oJMRZxAQmsbttCo_GYErGm4CSVD=w1920-h1080-k-no,https://lh3.googleusercontent.com/p/AF1QipPHEwNqHtukDaVtEL5YacabR9tnZk-ELCZm3gtV=w1920-h1080-k-no,https://lh3.googleusercontent.com/p/AF1QipOEOac9OZTpeijtX4bkzrUtzYxYL6RqgPhDRnRO=w1920-h1080-k-no
Oxalis Adventure Tours,,,17.6005844,106.2950967,4.8,1034,,,https://oxalisadventure.com/,+84 919 900 357,https://www.google.com/maps/search/?api=1&query=Oxalis%20Adventure%20Tours&query_place_id=ChIJhZmesKu7ODERqHtG-SB5YMs,https://www.google.com/maps/search/?api=1&query=Oxalis%20Adventure%20Tours&query_place_id=ChIJhZmesKu7ODERqHtG-SB5YMs,https://lh3.googleusercontent.com/gps-cs-s/AC9h4nrGrwd9HtijplGbL_7uy5MUJrTG1oTInY_NqHaA7MvPzsHXyowoDa7OHhwQCMsylt8D_eJgS2lqVlHP3OtD104oAbFb6dPYIfUEBb2G-rEWwrcscwpfk6papn8B0tcnp22dvMzt=w1920-h1080-k-no,https://lh3.googleusercontent.com/gps-cs-s/AC9h4nqm6N4BDbQbXAd6qiC5Q2v4QDzhXDVdOxLmuapeXHQSEGSJpW5Kis5fO21pm73r5hu9GlB22chuLyRW0YDKk0Qb6cqZHPOulWXInmUH9gkq0VQG3t7mTNxLnPh4dLmxb5XD9CmYk66HSc0=w1920-h1080-k-no,https://lh3.googleusercontent.com/gps-cs-s/AC9h4nrCcO4fhBkfoTHX7Hd5PwfQ5hsSyxkZJe1nMRvIzLt4b2KdwWE3DhgdLd-4uJ3QXJWgKnDUxMG0rjhuic3GPQzcu5rG3dRy203v3Qzfxo-iYq2KHjxfSutYsnFyISbHwsMAw4-frRFTUt-p=w1920-h1080-k-no,https://lh3.googleusercontent.com/gps-cs-s/AC9h4nop9mcZjHWnZ2WQGTIp0yyva9ijBupPieDlhwh9Y2erpODb3ShRSwP8AkRkhYvTey1PEAAh_j9kpcws3YOSAWIq74qYE9veCmmQ2Xgb-q8mjpevuTberKTAvBxw9UEQsVBxIJqJ9aB-HQDo=w1920-h1080-k-no
Phong Nha Mountain House,,,17.5945339,106.2868804,4.8,60,ĐT20,,https://www.facebook.com/profile.php?id=100089513217468&mibextid=LQQJ4d,+84 399 187 375,https://www.google.com/maps/search/?api=1&query=Phong%20Nha%20Mountain%20House&query_place_id=ChIJCTabuDK7ODERFToopMFd4nQ,https://www.google.com/maps/search/?api=1&query=Phong%20Nha%20Mountain%20House&query_place_id=ChIJCTabuDK7ODERFToopMFd4nQ,https://lh3.googleusercontent.com/gps-cs-s/AC9h4no6F01YtvvJtLQHBdUMIdEuvhwv1-s9AMLAg1QQQY2i7QC8-J3nzgkJ4Hzzh1-nD5ouu89usfezhhbaMTEikKdtMlpL5VfBlOmnkt-BhEAML7HH8FtCk9tFeDSAwsEVQNXF_Y5EDg=w1920-h1080-k-no,https://photos.hotelbeds.com/giata/original/84/848265/848265a_hb_w_007.jpg?20250401070124,https://images.trvl-media.com/lodging/39000000/38930000/38929600/38929567/fa37682c_z.jpg,https://images.trvl-media.com/lodging/39000000/38930000/38929600/38929567/b4166eb7_z.jpg
Nam Long Plus hotel,,,17.4783081,106.6231399,4.5,339,28A Phan Chu Trinh,"Casual rooms in an unassuming hotel offering laid-back dining & a rooftop terrace, plus free Wi-Fi.",,+84 918 923 595,https://www.google.com/maps/search/?api=1&query=Nam%20Long%20Plus%20hotel&query_place_id=ChIJwYyD9ilXRzERb8CQhOTbjog,https://www.google.com/maps/search/?api=1&query=Nam%20Long%20Plus%20hotel&query_place_id=ChIJwYyD9ilXRzERb8CQhOTbjog,https://lh3.googleusercontent.com/gps-cs-s/AC9h4nrMHGGxJyEsLLhiy8wq9D6WyyCjB_YFWXV_N5Qtk3_8GTw_RT1XDsAaOYGxrStkpehQvetUNMAaSTpDEScgMvHhTTSC80KflX9Wb1-VlcZrvCuzz0CqKPcQlmsKMbDqfBhimU5CJA=w1920-h1080-k-no,https://lh3.googleusercontent.com/gps-cs-s/AC9h4np39FXXVrx4Nm-Tu8PfuAzfT2LqALxMZJSTtXvwNookYMnFrP5-cRsKD0iZqbLh2TZoBmID2Clkdl9AmTEu_6IL8955YeIzbenlUPWXR8qtjs6Xqxbs44a1IU4afjNha_JL4fgmRA=w1920-h1080-k-no,https://images.trvl-media.com/lodging/13000000/12670000/12664600/12664570/8892c953_z.jpg,https://cdn.worldota.net/t/1024x768/content/a4/74/a47430869e88ce485622a6ea2043e37fb9a9d4a0.jpeg
Mộc Nhiên Quán,,,17.6434574,106.2621512,4.6,29,,,,+84 818 952 281,https://www.google.com/maps/search/?api=1&query=M%E1%BB%99c%20Nhi%C3%AAn%20Qu%C3%A1n&query_place_id=ChIJ0ySGlRS7ODERUVyaJMTfRxs,https://www.google.com/maps/search/?api=1&query=M%E1%BB%99c%20Nhi%C3%AAn%20Qu%C3%A1n&query_place_id=ChIJ0ySGlRS7ODERUVyaJMTfRxs,https://lh3.googleusercontent.com/gps-cs-s/AC9h4noAxyGVMJ20M0-gH6dqr30W_cyHV18plwBDmI9tKTHX62VeBYqdSNCmoRvOJFVqgybUUjfnpRKpk6im8i2QAqPKrmosQscV1ULvxkkTT__FbmdFHDtKYllljuzq8-oMDCS0_m-hTA=w1920-h1080-k-no,https://lh3.googleusercontent.com/p/AF1QipNI7e4hXpMGPbsxCAPKQKPrKVmf67580WMLwdDC=w1920-h1080-k-no,https://lh3.googleusercontent.com/gps-cs-s/AC9h4nqyBD2PelkFw9NjBdLs_N8SonXoV_AxOcbQF_bZP_kotcrgkGFJV0VkS1rNalMdPhUB-qdB0T5yXfhrvOMrZUdAITsMDzl7JZXGJRpkxIEkZoBsYkh0uDEcutHfeMg8y9LqaVw=w1920-h1080-k-no,https://lh3.googleusercontent.com/gps-cs-s/AC9h4nrgV4rBpLmItNFDT0YLh1In2Ecx_w81zL-kP6f87p2lAPW9EeTttYtvUZ_WWYDp61GqvgDzyU5xFzSWGSPOS6GS_TkV71SKYLWPrzYvykeI_FRCf8c5tAWwRzER_xLLktTS006cNg=w1920-h1080-k-no
Nhà hàng Khánh Thuỷ,,,17.5882582,106.2587685,4.1,122,QL15,,,+84 818 320 999,https://www.google.com/maps/search/?api=1&query=Nh%C3%A0%20h%C3%A0ng%20Kh%C3%A1nh%20Thu%E1%BB%B7&query_place_id=ChIJJy8oO229ODERVv9uMOP4tC0,https://www.google.com/maps/search/?api=1&query=Nh%C3%A0%20h%C3%A0ng%20Kh%C3%A1nh%20Thu%E1%BB%B7&query_place_id=ChIJJy8oO229ODERVv9uMOP4tC0,https://lh3.googleusercontent.com/p/AF1QipNI9hFD1vdNVRPYwSIJIy4hWWVSGUK1EfNcnkTW=w1920-h1080-k-no,https://lh3.googleusercontent.com/p/AF1QipOH4N6hD6vAcb_IXDDbXsgsFeYeD0MAPnAElu0B=w1920-h1080-k-no,https://lh3.googleusercontent.com/gps-cs-s/AC9h4nqJYn6fb_PVJqGC3RcOccScqn0zX0BmZBC1uHbEsB9ys9mk5Kk8xCQh3jYfdzlOaLA5war97lGqUkZQ3Bn0XcuSmK3u0KO0zsuAZfn6QFfKmMJnkNfoIOrgeuA9iSjbsyzmSQqN=w1920-h1080-k-no,https://lh3.googleusercontent.com/gps-cs-s/AC9h4nr8r9gGIkRs_DVpsZdio1ft3zHcJ9c8C3ViY-7xr1IptYuALtuzEW5CSp29u_M0P5KsMTus711tqJDlfMOunpNm6YxrqD-jDxdnclXsqIO2O25kS3wqtelwaDrq9THF7WMvtF_e=w1920-h1080-k-no
Phong Nha Escape Bungalow,,,17.6194093,106.3349923,3.9,142,J89M+QX9,,,+84 975 139 140,https://www.google.com/maps/search/?api=1&query=Phong%20Nha%20Escape%20Bungalow&query_place_id=ChIJ0VitiUi7ODERj5w7TtUKpAo,https://www.google.com/maps/search/?api=1&query=Phong%20Nha%20Escape%20Bungalow&query_place_id=ChIJ0VitiUi7ODERj5w7TtUKpAo,https://lh3.googleusercontent.com/gps-cs-s/AC9h4np7pb4SW8jbkWPkb-MdvzS0lKbAkjLi5mlhXtPOYk7z-N5qitVT8L0gyrv5U-OhDd9B0wBTivWpuNZLthIcn2IQSQZngZh4EdduIbG5cItMhJm5WkhI2cbLWkAY6q9d9Mj8VWlO=w1920-h1080-k-no,https://dynamic-media-cdn.tripadvisor.com/media/photo-o/1a/3f/ea/8e/phong-nha-escape-bungalow.jpg?w=2100&h=1400&s=1,https://photos.hotelbeds.com/giata/original/83/839202/839202a_hb_a_001.jpg,https://photos.hotelbeds.com/giata/original/83/839202/839202a_hb_a_002.jpg
Phong Nha Botanic Garden,,,17.5522499,106.3014891,4.4,1071,"Việt Nam, ĐT20",,,,https://www.google.com/maps/search/?api=1&query=Phong%20Nha%20Botanic%20Garden&query_place_id=ChIJvS69RoC6ODERA2OiVUQyw8s,https://www.google.com/maps/search/?api=1&query=Phong%20Nha%20Botanic%20Garden&query_place_id=ChIJvS69RoC6ODERA2OiVUQyw8s,https://lh3.googleusercontent.com/gps-cs-s/AC9h4noGsrfi1vRC4wNXM4R8GJ2l1AgDd2FIAF7IlChO6QFhSMdrBszzon2ruxz8bKVD6EoXHrbgXq4_JZXwUrPo22jYUJ03AyWDWKiVeger4c24OwvbZPTi3Y8GPNEtGnAA2WQRW70k=w1920-h1080-k-no,https://lh3.googleusercontent.com/gps-cs-s/AC9h4noTNrXPQV4hbCJaKqxP63bgWWgivd41a3WWdc-EFXHmCvifd_oTJRcqVMJ-12QQabvWI1dP9J89r0iGGE4esPfOQ-ZBxN1u3_kgo233bTyOxe0lP-zNmAhJQ6Rz74TIFwMnSwg=w1920-h1080-k-no,https://lh3.googleusercontent.com/gps-cs-s/AC9h4np7Fvoz5dPar1Xu3qhE-IR9_yTcMZYDa15rf96kYUvmB2kuStjwvZLOWZ_-kUBFcr0F039IE4OfetvNjXWX4_Ml6ZbdAk0Vqbc6Vyo_DZnZ-cHwRuoCZIlnGMaBMDs6Y53cjmYLyQ=w1920-h1080-k-no,https://lh3.googleusercontent.com/gps-cs-s/AC9h4nrpl_RJiJMQc_CBebVSLzfvqAnLZt1K8jhwpHYZWkxxNVUbR6IfYDWIRrgn3knjUpjyzgN0-1J4V3LpPs6OTH9OfhoTSXSkJEgFWNKPKOGxjV_wtGx-OrrFZbz76Wpvtcmfwx10=w1920-h1080-k-no
Phong Nha Motorbike tour,,,17.6057748,106.2998405,4.9,18,Hamlet,,http://phongnhamotorbiketours.com/,+84 983 902 215,https://www.google.com/maps/search/?api=1&query=Phong%20Nha%20Motorbike%20tour&query_place_id=ChIJ07wtY3-nODERWVl_LG0SGN4,https://www.google.com/maps/search/?api=1&query=Phong%20Nha%20Motorbike%20tour&query_place_id=ChIJ07wtY3-nODERWVl_LG0SGN4,https://lh3.googleusercontent.com/gps-cs-s/AC9h4nqr7OIDO9h0E8lL9s9Ul6FUuKjSImj5-eTVoMKdjnL5udccmTr-NxB69DLGfQGfT1S5GDfLPo-47I7mSbzFS75mqGnUV-dUkYUE1mMhpTiw26_r9QPqjhDwfXeQZLNxe0_juejNjQ=w1920-h1080-k-no,https://lh3.googleusercontent.com/p/AF1QipPOvt6oaiG-fqVa3SkZSstVVPlz5ndq84zq5cln=w1920-h1080-k-no,https://lh3.googleusercontent.com/p/AF1QipOV1j0ndK7GV1UiN_xYzwB7mEwRkuvU86AaLy40=w1920-h1080-k-no,https://lh3.googleusercontent.com/p/AF1QipP24_yB6cqrsk8Xo9zr2wjEI4QfuPsrk0q5bJlT=w1920-h1080-k-no
Phong Nha Farmstay,,,17.6244259,106.3852997,4.7,667,1 Km East of Ho Chi Minh Highway,"Casual farmstay in a French Colonial building with an outdoor pool & a restaurant, plus area treks.",https://phong-nha-cave.com/,+84 917 910 055,https://www.google.com/maps/search/?api=1&query=Phong%20Nha%20Farmstay&query_place_id=ChIJCU_YmoWkODERzZult9uNggM,https://www.google.com/maps/search/?api=1&query=Phong%20Nha%20Farmstay&query_place_id=ChIJCU_YmoWkODERzZult9uNggM,https://lh3.googleusercontent.com/gps-cs-s/AC9h4no1_y8cdUNZiu6_mpg4cu68Qv5MKOYfRcPYcrSrnpiVbu-lKuYFENX5GFmtisVqtCPIi_SfY99AF2-5unSWRhlpNliUWxy3CwIWxIxp3L_WN4zP9vRG6rjR_VgnJ3Qksp4dGEba=w1920-h1080-k-no,https://lh3.googleusercontent.com/p/AF1QipPNCb8fYFYODQ7ZuKYdlMWNY5xp33fHGDA76KLg=w1920-h1080-k-no,https://lh3.googleusercontent.com/gps-cs-s/AC9h4np4ltHujirgTqI4t_Q4tKkHcRU33c69LKUgEw4JGvhtPLF8QNm-_oZrAHHa4XWz9VrWWUWdwIBuQcXBGshxBsasxeGgV4dOwYiMlwb8ym-BvSmy3byHoDFztO1zVAZiuucBhtg=w1920-h1080-k-no,https://lh3.googleusercontent.com/gps-cs-s/AC9h4nqnaJLp4lbdR8209CUHM5hRSEXwm6OfPSvZ_YWLtkBGYiXwlhmgm3qPq5WunFO8A6ikuSWRyQiXGuTBTaydy-KuWrs9HMJkjSdzrS81eQ0yp9VmH7lHTiXWuiJBEmw8XSakerPk=w1920-h1080-k-no
Greenfield Ecostay,,,17.6220277,106.3528582,5,117,,,https://greenfieldecostayphongnha.com/,+84 348 402 300,https://www.google.com/maps/search/?api=1&query=Greenfield%20Ecostay&query_place_id=ChIJJ1_zGPWlODERAsnQtiBtXJo,https://www.google.com/maps/search/?api=1&query=Greenfield%20Ecostay&query_place_id=ChIJJ1_zGPWlODERAsnQtiBtXJo,https://lh3.googleusercontent.com/gps-cs-s/AC9h4nqbku3w1bPVFz2MtYwFC_RDxThX-s1Dt-lNVpAPr18n1l4uc6kmz7q4IA90RrXBCRpKbRO0RqPtNjmG0f8UqKKQDlCRLKQQu1KC4oaO537PR0DM8zXKK3S50oSiorefbzu0ncNS=w1920-h1080-k-no,https://lh3.googleusercontent.com/p/AF1QipNEdHH3VFYGUKvR_gXftKwOdRrICsxllCNLoyJ1=w1920-h1080-k-no,https://lh3.googleusercontent.com/gps-cs-s/AC9h4nrnrZzIdkVxxSfmfcTmkRv8L8wzB8sKTucqLwc3ooYiob3YQlfuBW1y_3nZveG3_PoCUW1iiedzkiv83bW8JsNssqF3dTyFjKzQJBnfyPggAmpj_P062AKJ7FzzfSCzzfqZDwKg=w1920-h1080-k-no,https://dynamic-media-cdn.tripadvisor.com/media/photo-o/2b/85/0b/26/caption.jpg?w=1300&h=1000&s=1
Hải Âu Hotel and Apartment,,,17.4751838,106.6321317,3.5,87,,,,+84 905 095 073,https://www.google.com/maps/search/?api=1&query=H%E1%BA%A3i%20%C3%82u%20Hotel%20and%20Apartment&query_place_id=ChIJW0b7XypRRzERuI6HLBIpbY8,https://www.google.com/maps/search/?api=1&query=H%E1%BA%A3i%20%C3%82u%20Hotel%20and%20Apartment&query_place_id=ChIJW0b7XypRRzERuI6HLBIpbY8,https://lh3.googleusercontent.com/p/AF1QipOjt8kCwKsHCGiX3N_MjMcTxE9LN6Thzxrl0K-J=w1920-h1080-k-no,https://lh3.googleusercontent.com/p/AF1QipOavXFNHz7Wh1-nf1JNC3YalGbQ0L2jEPUkxKdB=w1920-h1080-k-no,https://lh3.googleusercontent.com/p/AF1QipOdGzZIRlq9IoE-hvHASSkN_y4mndj8U-j3z5xY=w1920-h1080-k-no,https://lh3.googleusercontent.com/p/AF1QipNAUdRt7z-t_1YGvanU0jYRS-ws1ScFXDkxqJ_Q=w1920-h1080-k-no
Geminai Restaurant,,,17.476995,106.6235161,4.1,652,56 Nguyễn Du,"Relaxed rooms in a laid-back hotel with river views, offering breakfast, loaner bikes & dining.",,+84 232 3938 888,https://www.google.com/maps/search/?api=1&query=Geminai%20Restaurant&query_place_id=ChIJQ0VSBSpXRzERz6UUiNIoNkw,https://www.google.com/maps/search/?api=1&query=Geminai%20Restaurant&query_place_id=ChIJQ0VSBSpXRzERz6UUiNIoNkw,https://lh3.googleusercontent.com/gps-cs-s/AC9h4nrkVPGHp4QURTzAN11w-xOTFGztQqpw_eBa60qhBuBYPIzptRgcN0RmFtHSzCvwuRk7SisH7fMNkPfbJIFVaRvkUFdeZS3ZUuyX0iX4FpyKzTcKAxRhl0RQLN28m2szkk94FxMElA=w1920-h1080-k-no,https://lh3.googleusercontent.com/p/AF1QipPPlp0CT4TGoksehdeTzuS0-vftZku2tVWI1QsJ=w1920-h1080-k-no,https://images.trvl-media.com/lodging/16000000/15730000/15727300/15727285/231cd51b_z.jpg,https://dynamic-media-cdn.tripadvisor.com/media/photo-o/14/41/20/4f/a-tropical-house.jpg?w=1900&h=1400&s=1
Hang Sơn Đoòng,,,17.4647924,106.2873939,4.7,1062,,This enormous mountain cavern dating back millions of years offers guided exploration tours.,https://sondoongcave.info/,,https://www.google.com/maps/search/?api=1&query=Hang%20S%C6%A1n%20%C4%90o%C3%B2ng&query_place_id=ChIJI-LkoRfIODERrkzpzgMF7pI,https://www.google.com/maps/search/?api=1&query=Hang%20S%C6%A1n%20%C4%90o%C3%B2ng&query_place_id=ChIJI-LkoRfIODERrkzpzgMF7pI,https://lh3.googleusercontent.com/gps-cs-s/AC9h4npN9yqq9rwwiFTUn_KCtzYiQ4Z9LKsZUbci_ETUJlWgRmosAkmq7nkLhKro1gJe9ag1SkiQhH9VYAvpGjTKzJiZ20BZq9tPqsyDBi7PsZE-2D46CbQOajQu9g5e9Fq6a_ypQ2aT=w1920-h1080-k-no,https://lh3.googleusercontent.com/gps-cs-s/AC9h4noVzlo6suczSWcxG4L44JA5rxHAFp-OcYCMcdRveLFWQqQ1LUc7wBytZTGxyjIC5FnQ77tJtn4d3OKUbV5aexPPXJi9vWClml6gytsfCtpOGpM-h5ef2QWvsAK89Soo8C4AndlTrOCwwqU=w1920-h1080-k-no,https://lh3.googleusercontent.com/gps-cs-s/AC9h4npv2txq7abBCp5MCH7uRu9CR1ZnV_EzTa-Ze4eJ6_w0L4s_OIQUirHNkBAv_cF7SzXVZFstHPLw8gaFwTlseSI5k9bY4Md7zLMkqAMCpXoHEWsC2cpsR4zsrKwj5cN_PzdYysaki650LPCl=w1920-h1080-k-no,https://lh3.googleusercontent.com/gps-cs-s/AC9h4norUSV8j1UrozPQ0sJwEXnjYTdgktkWU5a5vPRrsru2VV4jkWVQtTR0t0M4BI8FcDxvsBowTFpnOERnXevT9aac1UwhczSCvcbU4pQwxt5MFj39P-HpyJxariyx6oZSxCH9xpHG=w1920-h1080-k-no
Homestay hoàng dương,,,17.7721239,106.041398,,0,Q2CR+M99,,,,https://www.google.com/maps/search/?api=1&query=Homestay%20ho%C3%A0ng%20d%C6%B0%C6%A1ng&query_place_id=ChIJx1Y1ZwDpODERIV-hn8pHT_Y,https://www.google.com/maps/search/?api=1&query=Homestay%20ho%C3%A0ng%20d%C6%B0%C6%A1ng&query_place_id=ChIJx1Y1ZwDpODERIV-hn8pHT_Y,,,,
Hang Trạ Ang,,,17.498748,106.262047,4.8,81,F7X6+FRV,,,,https://www.google.com/maps/search/?api=1&query=Hang%20Tr%E1%BA%A1%20Ang&query_place_id=ChIJPxRCpC-xODER0_lep3eFGro,https://www.google.com/maps/search/?api=1&query=Hang%20Tr%E1%BA%A1%20Ang&query_place_id=ChIJPxRCpC-xODER0_lep3eFGro,https://lh3.googleusercontent.com/gps-cs-s/AC9h4nrFnZF5iP4O-5FzrGZgbEUb_Qh3dgcF7PmDhoIgccC3ZVf9R9JdzWl9FHvXkXph3Ee-imNXvRZrCgPY5AvgG1zXc2WPTejmDEyLfs8FeHVpFFDbD2dZRgTnjaV8h4twMTXKa80f=w1920-h1080-k-no,https://lh3.googleusercontent.com/gps-cs-s/AC9h4nrVufqM0by__DWFjAjpnvfLDnIrIc2FFKnfazEaZ9ZzWPxZTaTdw-4pECHxzW67-YRVEOBfDoo2IZ62CUXVwHKUR2brKYNQnUKqmmtF-5RtD9wMxyzUzJ9ICIUOygsbiR3tXeuFWA=w1920-h1080-k-no,https://lh3.googleusercontent.com/gps-cs-s/AC9h4nqlP2j0HgMORHPRLFd6GJ-OH1lITrOTbZR_7znS1Mrkdm2khenwBP1HgL0vDAPZtDdjwS5r8-lK84mJkxcplykcyoDUWTiZZY31mQnCwm3oRar08GIfjPe5fBTjubMK-zl6dWxP=w1920-h1080-k-no,https://lh3.googleusercontent.com/gps-cs-s/AC9h4npWriMrKza_X_8bGI5B0nb1Qa8yWIB9ks3fwn8CLcZHrK00pBgjvwYrCbi5JNieOgCIG-RUTZva4Sw-Bg-XyL6hQ3-feIlRv_9BDBCktJjgLci5dqNsOTlDkR6kP0TtbLomeFNv=w1920-h1080-k-no
Nhà Hàng Phương Nam II,,,17.5779094,106.2542572,3.9,365,Hang Tối Chày Lập,,https://www.facebook.com/NhaHangPhuongNam2,+84 915 519 819,https://www.google.com/maps/search/?api=1&query=Nh%C3%A0%20H%C3%A0ng%20Ph%C6%B0%C6%A1ng%20Nam%20II&query_place_id=ChIJE1QIJSC6ODERYZtg2Z8CdT0,https://www.google.com/maps/search/?api=1&query=Nh%C3%A0%20H%C3%A0ng%20Ph%C6%B0%C6%A1ng%20Nam%20II&query_place_id=ChIJE1QIJSC6ODERYZtg2Z8CdT0,https://lh3.googleusercontent.com/gps-cs-s/AC9h4nrMDInVLGNKhgixcP8OVYB-ub6QiDhHo1oYbvmpVVk5YCcScWgDB_Z1fBLGoe0oKGEetjaZEw59SGdUp55wc_Opb3hD4IRFZCv_LvSEw3BCt3WYjiRvs_7Oomb1Cuy1qaiK9gft=w1920-h1080-k-no,https://lh3.googleusercontent.com/p/AF1QipObLrRsrtCeq6-UsW4IOihXGyvgikqEwaWyal3J=w1920-h1080-k-no,https://lh3.googleusercontent.com/gps-cs-s/AC9h4nqLGM1CF_1bHYulFsjCCUvNF-MKc86TvA9iD4g2FOIiuK6ujUuwJYzkENp_qOvhZDb3yzqCUC5nnlAJz4j5C8ExwarNThFZwfMFOB4z45t6WHJ7n0200sBu2NGwpIUtYbXXZ2ESjCnp0ij7=w1920-h1080-k-no,https://lh3.googleusercontent.com/p/AF1QipOKdvWDKEkMixljaGReUBhqpAVq30Wl3cANGsvc=w1920-h1080-k-no
Karst Villas Phong Nha,,,17.6105804,106.3362503,4.7,240,Unnamed Road,,,+84 857 788 789,https://www.google.com/maps/search/?api=1&query=Karst%20Villas%20Phong%20Nha&query_place_id=ChIJuWm9kze7ODERj9hj-rXWGhg,https://www.google.com/maps/search/?api=1&query=Karst%20Villas%20Phong%20Nha&query_place_id=ChIJuWm9kze7ODERj9hj-rXWGhg,https://lh3.googleusercontent.com/gps-cs-s/AC9h4nqcBTOQo4JZo6A0uYUEefmacIa9fsdBIcUfSJcEahjX9Xyx37Np723f-UIHAYWchNzM_jr8GOX7nj3aOqX8kN0RxEPyA1brgFWOpv0Et2aBurekskxhjXTaFVFDbMnhAW1vLZNj=w1920-h1080-k-no,https://lh3.googleusercontent.com/gps-cs-s/AC9h4nripXs2uTzW28ImGuXqqFfUt2loTzNXLdb3msvvPoTSp9pqD6PBnJrVTvk7ziFim9loMBc4Xlb_Pg0OWjNgsJZbIuP5ue208vK53ssh6txr76-OGe6n-ptSmkD2aTQPpbzjd-JuOQ=w1920-h1080-k-no,https://lh3.googleusercontent.com/gps-cs-s/AC9h4nr4s_ALXvwrkkIMrjVOom_2v53ofxA0SbONP7ouFgKfq9W2XGw5bmI4rvs8l5LOmyltMUe6Olz2OTpa2P9u2CgN0QuUj16NdSbOiWXNSOOnCOQfujgKzTIofLRZ9E03UcNau1PR7A=w1920-h1080-k-no,https://lh3.googleusercontent.com/gps-cs-s/AC9h4nqv1s-3uq4VeYqpifG0X_7E_L34e5HPnCj-Yoyz3Wevk0Awmel5JBdwmnilWgwXKN9eBQRPg-Eo81jiGshzQmjwd9ekpwRBsuKbAZk6hLpCVq9EsL67DcuRhKGgMMffij9t6zAHrQ=w1920-h1080-k-no
Hưng Phát Bungalow,,,17.617028,106.3234818,4.9,195,Thôn,,https://xn--hng-pht-mwa17p.bedsandhotels.com/,+84 393 514 028,https://www.google.com/maps/search/?api=1&query=H%C6%B0ng%20Ph%C3%A1t%20Bungalow&query_place_id=ChIJvakC-ha7ODERoTcYWE9mf6s,https://www.google.com/maps/search/?api=1&query=H%C6%B0ng%20Ph%C3%A1t%20Bungalow&query_place_id=ChIJvakC-ha7ODERoTcYWE9mf6s,https://lh3.googleusercontent.com/gps-cs-s/AC9h4npcz0vAe7jf82OMEIm1Ak0G0BZlbQcrHuVr1SA41Y8XhvYD-MacUEOWkPaVLtP8SYvBxdhBdZLG-dVEcmgSNryw3fUVX-RDRTNrzbaVQei5IPKpu6DFTN3tLkKtJDEkGL9hFgnCvQ=w1920-h1080-k-no,https://images.trvl-media.com/lodging/33000000/32550000/32547600/32547578/798cc3c4_z.jpg,https://lh3.googleusercontent.com/gps-cs-s/AC9h4nq0rbdgZnQcdRu_uNyTj87bR5Jy2SRQBWyO0xd05LwnKYmqkeNxQHNACPmnBpD8xSKuPr739mMAYZ47sCzp5Am6O41zqsHUL9qWXHCp6Sphptr9F5TVlso1M9iRDoSJjHm4sfzt0w=w1920-h1080-k-no,https://lh3.googleusercontent.com/p/AF1QipNbUBjZa5sYTU7zfaYK0M23VgPrgtZzXP0XQvT7=w1920-h1080-k-no
Nhà Hàng Vườn Anh Tuấn,,,17.5794125,106.2546678,4.5,120,H7H3+QV7,,,+84 944 648 135,https://www.google.com/maps/search/?api=1&query=Nh%C3%A0%20H%C3%A0ng%20V%C6%B0%E1%BB%9Dn%20Anh%20Tu%E1%BA%A5n&query_place_id=ChIJEYs-LqG7ODERP_d4bKDm-fg,https://www.google.com/maps/search/?api=1&query=Nh%C3%A0%20H%C3%A0ng%20V%C6%B0%E1%BB%9Dn%20Anh%20Tu%E1%BA%A5n&query_place_id=ChIJEYs-LqG7ODERP_d4bKDm-fg,https://lh3.googleusercontent.com/gps-cs-s/AC9h4noVi-aL9dfMcdVNroyhe8OLtH3rwrcKiBnXyz6sxy3fOl5vVLNfFBbxm82nQW93zNwxsx9gZ68456ZQGFefIJkSMvce-nTXvGUqzAo6cs3KUhwCnGOjYpdWnVN1IB4N74W7szgM=w1920-h1080-k-no,https://lh3.googleusercontent.com/gps-cs-s/AC9h4npbkTHEKZJJ2H0HSF-V17HnEhd6zGqcvht2s4alvCwoR8lxpfPXktNRIpycDObOwGrgCk98K2_lkG_0WNbgLQ9BJHmJQJ6t4WF7Ifcx1KV0GmSMJBKujbngmw8t8ez8RVuKhqEcyw=w1920-h1080-k-no,https://lh3.googleusercontent.com/gps-cs-s/AC9h4nqsQZCetAkhb4gpV6B7IwfsuGyKBMtVblPQx-vEnvRUjEGVbOxO9Kgtv6vwYUvaopJpEVxKLTuWYFbY1mE2anA_NOgmJkVlQqS8KUrTD0TsA-by7cznNWzVHGhfnlIVEALXTvKSk3Uz--oS=w1920-h1080-k-no,https://lh3.googleusercontent.com/gps-cs-s/AC9h4npD6O_zA4sY4LZ4XTaa6j3EpNDzhAnusR9_XNEA4-QQ3uBry26E3WlEXK6kWd4JeBOt-qYgHSDW2LTonwh4jOVXJ4tOFNVyTx1v9o8Qdt0HKbYWkgTBzKxUWE6VDX8UAShaQL7V=w1920-h1080-k-no
TuTu's Homestay Phong Nha,,,17.6159649,106.31976,5,111,,,https://www.facebook.com/profile.php?id=61560455949395&mibextid=ZbWKwL,,https://www.google.com/maps/search/?api=1&query=TuTu's%20Homestay%20Phong%20Nha&query_place_id=ChIJB26fPJa7ODER1Jtj-cnz_ms,https://lh3.googleusercontent.com/p/AF1QipOZHqorpSNtJTaz7Ukvuxa0bDsbJXdvSaq5Dzo4=w1920-h1080-k-no,https://lh3.googleusercontent.com/p/AF1QipOZSD56PHTcasomYDUrLjCK9OZB5dQ7UrNPrRxo=w1920-h1080-k-no,https://lh3.googleusercontent.com/p/AF1QipNswhaVVVKdH-LxZxpMdqVJgJTp7T8Gz4c-UOIC=w1920-h1080-k-no,https://lh3.googleusercontent.com/p/AF1QipM9C0WR7Ul8Z5sz5LGqvu2hXEAgJyqTwpixLNV8=w1920-h1080-k-no,https://lh3.googleusercontent.com/p/AF1QipNukV0xolU7WDPcatRJdIa08Izo241E9xjtZMgy=w1920-h1080-k-no
voco Quang Binh Resort by IHG,,,17.4596359,106.64467,4.5,57,Võ Nguyên Giáp,,https://www.ihg.com/voco/hotels/us/en/dong-hoi/vdhbq/hoteldetail?cm_mmc=GoogleMaps-_-VX-_-VN-_-VDHBQ,,https://www.google.com/maps/search/?api=1&query=voco%20Quang%20Binh%20Resort%20by%20IHG&query_place_id=ChIJa9J2I29RRzERhDduQcSKFio,https://lh3.googleusercontent.com/p/AF1QipNbePDVEqKMzLnzKvEDLZi0Vk_RGm99UrDKtJU=w1920-h1080-k-no,https://lh3.googleusercontent.com/p/AF1QipPjeYfRCE0QA5XeB5OyjWSTzieO1IJdZsreKb8=w1920-h1080-k-no,https://lh3.googleusercontent.com/p/AF1QipMza5DDbkVwOhUZFOThgCGZ0Pkf4TqdlTI9_ek=w1920-h1080-k-no,https://lh3.googleusercontent.com/p/AF1QipMmtgFWKq531u6XAPd86Pk01d4buMisghG2LTU=w1920-h1080-k-no,https://lh3.googleusercontent.com/p/AF1QipPBXxwhGaQLc344wGTHgqGrBuZQGGYyIRQ6R0k=w1920-h1080-k-no
Wildlife and Jungle Adventure - ECOFOOT,,,17.6099789,106.310369,4.8,49,,,https://ecofoot.com.vn/,,https://www.google.com/maps/search/?api=1&query=Wildlife%20and%20Jungle%20Adventure%20-%20ECOFOOT&query_place_id=ChIJx5_qKw67ODERRFJvccYA--0,https://lh3.googleusercontent.com/p/AF1QipPSGloS-5LnWMw27ZHkqL9xkh8XT1a3rXVfoIYx=w1920-h1080-k-no,https://lh3.googleusercontent.com/gps-cs-s/AC9h4nrYELmkgWIhynQX7Dn6l3mg5kSIbKqrXjlr20pALBd-l5RHrLOAbGsI6vfML_mBUyFP8KruRFws05gRoZYvFsNpspaue7MwYzZlVEsYm3GULaw7pzQJ85NHF4xMzRojsGztpbJT=w1920-h1080-k-no,https://lh3.googleusercontent.com/gps-cs-s/AC9h4noVdqLJea4qfc4Fw2Qi49FrsENd_bTZcaehhbjwHydwwg3WmMZ7H5Goj29NUt4ozsV0vouCzw8kw5X0zFIoPOeIEF_MzUT9XCEoWXPx3J-HCUQ3C5HR7g5hF5ithzukQbdBT5d6=w1920-h1080-k-no,https://lh3.googleusercontent.com/gps-cs-s/AC9h4nrza9Bdmvv1pjLrH3ErEf50aIobBcczJ02DklfC_dWtUzcfneFzNYyfw5_-M9gl7ZgSP6wicRk3iQmIXuYJgJpjQ7wAuAD4h7EdNi6asBz7weEa2aF5UMDXFnhbR0z3AlSZFc3t=w1920-h1080-k-no,https://lh3.googleusercontent.com/gps-cs-s/AC9h4no6kz5jbPjex_VFxeUam3whd4HKLX4a7xn77qRfO476nmzhiDSsIjy-zUiqxS3FyOeohBL0wKiYQMzkn4uR2A_qr-TjdBXgVxJl0rQyY1zNbQomoo0_A2sn98r8MowDcprpI7k=w1920-h1080-k-no
Wyndham Quang Binh Golf & Beach Resort,,,17.4504147,106.6532575,5,5,FM23+586,,,,https://www.google.com/maps/search/?api=1&query=Wyndham%20Quang%20Binh%20Golf%20%26%20Beach%20Resort&query_place_id=ChIJ6zs3InBRRzERj0mLi90gMLo,https://lh3.googleusercontent.com/gps-cs-s/AC9h4npA3upy1AotzFyI1uznfvCjxZkK3SHneGq7B_cglghHnmBSX350RPydFszAwHf1CMK86ZI4LLWVt_q_WQqQS0Sms2V-9xYWhXqt8soEF9gLb9JdVliZbP-S09fL1NBpN5gIAOGQ=w1920-h1080-k-no,,,,
Mia's House,,,17.4723643,106.6324095,4.5,8,91 Nguyễn Thị Định,,,,https://www.google.com/maps/search/?api=1&query=Mia's%20House&query_place_id=ChIJi3vd-BZRRzERtD4jSH4rK2Y,https://images.trvl-media.com/lodging/25000000/24420000/24417800/24417770/32c827ab_z.jpg,https://images.trvl-media.com/lodging/25000000/24420000/24417800/24417770/877123e8_z.jpg,https://lh3.googleusercontent.com/p/AF1QipO6zNEmMEsGaWfCmrFSo5LCJhH2LwCK5kuHe20K=w1920-h1080-k-no,https://lh3.googleusercontent.com/p/AF1QipMHcjbaYPc-UXRB72PtT0CTzxBLIVym4xaXQXoo=w1920-h1080-k-no,https://lh3.googleusercontent.com/p/AF1QipNgdu8eMooZ5Jy3bwICxerTiq5DqZJ1xhvIYpH-=w1920-h1080-k-no
Nhà hàng Mộc Hoa Viên,,,17.4525088,106.6386962,4.6,27,FJ3Q+2F4,,,,https://www.google.com/maps/search/?api=1&query=Nh%C3%A0%20h%C3%A0ng%20M%E1%BB%99c%20Hoa%20Vi%C3%AAn&query_place_id=ChIJQ1xJmsBRRzER3XOMxdHrLAI,https://lh3.googleusercontent.com/gps-cs-s/AC9h4nplKfnL9b5_DDvv-jVYGaiKZ-GxdE8y7jUKwLtyJNmGQvA7GyTlW-aDYpOnVt1MKtOrlJPvhsj5ZAwr_X1F-Ahq6IxJKF2Y27wqBLSzmmUkpXgJ4uV5xQFPZvOak-tsqB2YmWlE0Q=w1920-h1080-k-no,https://lh3.googleusercontent.com/gps-cs-s/AC9h4nrW94QenBvL-qY_eWCq23LO-FdORR9cwC-mtn67pD8htQ8MZj80MtSaM_Nff4FzZ5j24FF35DZMMUgGsQEnLMEq1RtgQW7Xg1pFQ0bIeGXkizGgL1fbEy6nE7n5BwFLIdsbPsPKRg=w1920-h1080-k-no,https://lh3.googleusercontent.com/gps-cs-s/AC9h4nrvdcxc72rOXzwA1ozLd38RzgYCUfJaH6XeMNivSo6ehTLcPevRjc_1mj6Ubm95qmwwBXLvF0X64FIxl5e06wnuhkELjUaDbOy5bPkmka1tPlrpfEj9uPQV3_LJ52TEnTbNBoTpsA=w1920-h1080-k-no,https://lh3.googleusercontent.com/gps-cs-s/AC9h4np2nBxuG60W27lWe8jDwpmebi48I46Ub6lpfZ5dkSfQIZOZoHYGpHSNDGcqowvP7UR8t1eEWKkl2oGqHcEwyVhy0r3d9lh5IMh-ZPDi-gtrLjtyXPrgleU0zRjHR4NVCEyMWpA8WA=w1920-h1080-k-no,https://lh3.googleusercontent.com/gps-cs-s/AC9h4nphYUV1BixZfi21c0z0UyIwF68YzF7YJEpWXUNq6V_MZrjmmxilqA2vfxtAves_S9dE4wjbLaUoH2c2UytDlST1IAzC3Q0BmSVgo2AOWKdsmia2BJDuZc4sDUF8yf4JyqKUXkEf=w1920-h1080-k-no
Tu Lan Lodge,,,17.7688497,106.0505181,4.8,352,,,https://tulanlodge.com/,,https://www.google.com/maps/search/?api=1&query=Tu%20Lan%20Lodge&query_place_id=ChIJZ7PLve_pODERql7QJAWaBsM,https://lh3.googleusercontent.com/gps-cs-s/AC9h4nrcp7yatPWrkkpl2xUs2RlFgmKaIctKemubAP6wzktTo1NueasH2LzwhxdmpliQl4AEEE95znzWnoxlk5LDufTyB26hNXdNYRcmhw=w1920-h1080-k-no,https://lh3.googleusercontent.com/p/AF1QipPATBt-0_nik8gsoGbFrcDp3YYsUS5kmvygtTah=w1920-h1080-k-no,https://lh3.googleusercontent.com/gps-cs-s/AC9h4nrt8GT2Ct3Q7ucBpsM_PELggGISvokBhbQyJ_u7PebQHIb_YxT7D1ex_veLGb4a0l77kMNGT0sA4srSnCjJqHaQxHHEo4BYquasJD8=w1920-h1080-k-no,https://lh3.googleusercontent.com/gps-cs-s/AC9h4nqqLhXBB09NR-z1RDLcK7X-lSs-VinOHNLd-xe5eZaL5xgl4aRW4iKnMVmOr3nw2jWNebxsy5uh3FFVUJtiPpdu1qDtar4HYjUh5Ng=w1920-h1080-k-no,https://lh3.googleusercontent.com/p/AF1QipMF_sIJoPytURND0TmmWybjvMYIJ0lIY6QbiXzh=w1920-h1080-k-no