name,description,address,phone,email,website,latitude,longitude,image_url,gallery,tags,rating,review_count,google_maps_url,categories,booking_type,affiliate_link
5 ELEMENTS,"5 Elements is a stylish riverside bar and restaurant in Phong Nha, known for its relaxed vibe and stunning sunset views. The menu blends Vietnamese and international flavors, offering everything from fresh spring rolls to wood‑fired pizzas. Guests can sip on craft cocktails or local beers while enjoying the tranquil river setting. With friendly service and a cozy atmosphere, it’s a perfect spot to unwind after a day exploring caves and countryside.","J9C9+J7Q, Hưng Trạch, Bố Trạch, Quảng Bình",,,,17.6215767,106.3682372,https://lh3.googleusercontent.com/gps-cs-s/AC9h4noaFs11Ap-AzSEpsqYEPunekdbJPCSUct765PnWTSUzDiAm3hgycI5hC9Qg-CoSlD5iJrpLFe3hftH9CJbEYL56LLCMtVzOHItO81_H6qJi27MaGBfwulXjRSPmlFc8MZYfqEZgmQ=w1920-h1080-k-no,https://lh3.googleusercontent.com/gps-cs-s/AC9h4nrmkHmAmixDKd4mcH31ubnX17m6j6mBaN1Ccs72rlCBs7CrQh1JY4-6eyysnSPuICKAKaYIGWVCGqjCnSuJFaKsR66LcquJP2pSDyyHTNyXI-aCSnW4rUCp6p_cUVOg5_-kCTWBtw=w1920-h1080-k-no,,5,3,https://maps.app.goo.gl/j2U7r2EuzuPg7M5C7,Accommodation,none,
A Trần - cơm gà xối mỡ,"A Trần – Cơm Gà Xối Mỡ is a popular spot in Đồng Hới, well‑known for its crispy fried chicken served over fragrant rice cooked in rich chicken broth. The chicken skin is golden and crunchy, while the meat stays tender and juicy. The dish is paired with fresh vegetables and a flavorful garlic‑chili sauce that adds a delicious kick. With generous portions, quick service, and affordable prices, it’s a favorite stop for both locals and travelers craving authentic, comforting Vietnamese flavors.","9 Lê Trực, Đồng Hải, Đồng Hới, Quảng Bình, Vietnam",84941710888,,,17.46502314,106.6254493,https://lh3.googleusercontent.com/gps-cs-s/AC9h4nr4p57DihqD7yD8hODQ2rb4xzhxWAuN6oIgRAcFbMYe036ixXEjmrqyUaEWTi7EQrABRL-B7G-XD-zYS9DWZODLvyVjKC2u5WyA5mSLD7euIIyvGdtvGkCpfblP4pJdkJ-LC8muSA,https://lh3.googleusercontent.com/gps-cs-s/AC9h4no-1lMBLd83fUtxND6N9bwCZsi8VOFGysknylafYxAdJ3do62LefzGvLI6Srwjxc6WyEkWy4VdffisbqNPpXbrCXFWQvD9dNbtZKCX4r6XrLX8i56-ZlUMeuueqRTv8eR6ekWaS5A,,3.8,148,https://maps.app.goo.gl/Tp6xvYL9Wz7kGTBC6,Food & Drink,none,
Amanda Hotel Quảng Bình,"Amanda Hotel Quảng Bình is a modern 12‑storey hotel located in the Bảo Ninh area of Đồng Hới, just a short walk from Nhật Lệ Beach and close to the city center. The hotel offers spacious, well‑appointed rooms with air‑conditioning, private bathrooms, and large windows or balconies with views of the river, beach, or city. Guests can enjoy on‑site dining with Vietnamese and international cuisine, relax in the garden terrace or café lounge, and make use of the tour desk for organizing local excursions. With its convenient location, comfortable rooms, and friendly service, it’s a great mid‑range choice for travelers exploring Quảng Bình.","Trần Hưng Đạo, Bảo Ninh, Đồng Hới, Quảng Bình 510000, Vietnam",84981707999,,http://amandaquangbinh.com/,17.47394223,106.6312622,https://lh3.googleusercontent.com/gps-proxy/ALd4DhFZ1s3WDSq3zSzYTcvfdSyAM5yeEWEc8_4rx08z2LXnVUrR-W-fUbaXEPIatbGaBxu2qVl0hvheHwYw6XU8HtEDdOxWGPlLsmo7xk30R14NWA5WlYCtZuwq4P6XmWlgz5G4_kEF71IYSR22vk3cAOoiOMvFVzS4VJlU8dyLOr_SWaaYb5CI2Ns,https://lh3.googleusercontent.com/p/AF1QipMYUqUwfO7L1L3khK6PosQIPJMU9i1KmaTpXFDx,,4.1,88,https://maps.app.goo.gl/Y2XyECHX9L8APQkH6,Accommodation,affiliate,https://www.agoda.com/partners/partnersearch.aspx?pcs=1&cid=1945129&hl=en-us&hid=2023915
Aumori Hostel,"Aumori Hostel is a charming, family-run guesthouse perfectly situated along the Nhật Lệ River—just a short stroll from Đồng Hới’s walking street and city center. Visitors consistently praise its exceptional cleanliness, comfortable rooms, and welcoming host who often goes above and beyond, like offering early check-in and arranging scooter rentals. Guests appreciate free cold water, helpful local guidance for tours, and trusted transport services to Phong Nha or Hue. With its homely atmosphere and ideal location, it’s a reliable and friendly base for both relaxation and adventure.","Ngõ 34 Lê Quý Đôn, Đồng Hải, Đồng Hới, Quảng Bình, Vietnam",84915780944,,,17.47813787,106.622438,https://lh3.googleusercontent.com/gps-cs-s/AC9h4npzsxMOWEuT7VDyo9IJP9hXw03YFoJ5AWUvukgsP91k0NalW4cNKuTzt-3Q9c1PcL-l-XJKtQ9JKf1EGxcL3fWne01XwoXJGS14gVUGFpAoBwXLXK47-TSngRT0TykzQ9RjwccP,https://lh3.googleusercontent.com/gps-cs-s/AC9h4nomFZGGgznWBs4pwSGrOkG_l3ZnXn45diN6ysc_3dc2o3pp2Twnm8smhbnfB13RaOBr-Ah4H4qVL23KhiS3ClbYmuwehfBoqUPSRjRh35tAfvql-4_RLaPH801d8OO7efUof3-h,,4.7,21,https://maps.app.goo.gl/dk2kErc3C3AsAaDPA,Accommodation,affiliate,https://www.agoda.com/partners/partnersearch.aspx?pcs=1&cid=1945129&hl=en-us&hid=58312207
Balanha,"Balanha is a modern beachfront guesthouse in Đồng Hới, conveniently located within an 8-minute walk of Nhật Lệ Beach. The property features comfortable rooms and family suites, many with balconies or garden views, offering air-conditioning and private bathrooms. Guests can relax by the seasonal outdoor pool, enjoy time in the garden or sun terrace, and take advantage of BBQ facilities on-site. With free amenities like fresh linens, toiletries, and utilities included, alongside friendly, helpful staff, it’s a relaxed and budget-friendly option for beachside stays.","26 Nguyễn Thị Định, Bảo Ninh, Đồng Hới, Quảng Bình 47121, Vietnam",84987090209,,,17.4774474,106.6311252,https://lh3.googleusercontent.com/p/AF1QipNGSMVmzXf6q4eSzKS_AMJ0XJlY3yUkgSjGVIgo,https://lh3.googleusercontent.com/gps-cs-s/AC9h4nrTMKRJ7eajQ_-Hy-Ufjs1SdJP1pBfjZkIrZBJK2UhJ40le_MZZgcPKBJYV7ldNyptlX7gvLNxgib2Lm86_X3CIbuJ6qLNvN2Wz7oMPQk8Fz-fk7p0-zuznOSsqZw5NcA4hSQfEEw,,4.9,121,https://maps.app.goo.gl/MAJgGc1HfNDhNcd18,Accommodation,none,
Bamboo's House,"Bamboo’s House is a warm, budget‑friendly homestay located in Đồng Hới, just steps from the tranquil Nhật Lệ Beach. Guests enjoy a cozy rooftop terrace with a laid‑back bar vibe, BBQ facilities, and relaxed areas where travelers meet over chilled drinks and local conversation. The attentive, friendly staff—including the welcoming owner—offer personalized service, bike or scooter rentals, and help arranging tours or beach trips. Clean, comfortable rooms, fast Wi‑Fi, and included breakfast with generous portions make it a top pick for a fuss‑free stay while exploring Phong Nha’s caves and countryside.",143 Trương Pháp,+84 933 270 726,,,17.4884458,106.6272126,https://dynamic-media-cdn.tripadvisor.com/media/photo-o/15/87/08/22/bamboo-s-house.jpg?w=2100&h=1400&s=1,,"budget,",3.9,146,https://maps.app.goo.gl/aNrsjcCQ9J1Fr83c6,Accommodation,affiliate,https://www.agoda.com/partners/partnersearch.aspx?pcs=1&cid=1945129&hl=en-us&hid=15313324
Bánh khoái Tứ Quý,"Bánh Khoái Tứ Quý is a local favorite in Đồng Hới, famous for its golden, crispy pancakes stuffed with shrimp, pork, and bean sprouts. Served with fresh herbs, green banana, and starfruit, each bite bursts with flavor. The rich dipping sauce, made from peanuts and liver, is the perfect balance of sweet, savory, and tangy. The relaxed, welcoming atmosphere makes it a must‑try for anyone exploring Quảng Bình’s culinary scene.",17 Cô Tám,+84 232 3821 371,,https://www.foody.vn/quang-binh/banh-khoai-tu-quy,17.464644,106.6268376,https://lh3.googleusercontent.com/gps-cs-s/AC9h4npyVOTw2K7pbN7pizh5WySglRsG-tjCcAi8x67RA4fIARvn0El9yPgLlpCS8EWYEdATCfiBZsHTIGsGZbTQAOYvFI0H4yNn3_WkRa4uaOE2OXHkDRqS_SP14RBfYP5glhlOifLP=w1920-h1080-k-no,https://lh3.googleusercontent.com/gps-cs-s/AC9h4nqfaTQ9DQWIw8E5mlkBjx1VxpvLAflL4eJ1plHAcut8RqIm2i9okmClijc9ECd6dcf_hGrdNuhmeRjyCldHDC1eurcgfjKuTxN6UEZbT4MuiHJ0ymkIBC-uf_0TmH3bW8NEhB27=w1920-h1080-k-no,,4,512,https://maps.app.goo.gl/xc2UZWY8e8giuyTx8,Food & Drink,none,
Bao Ninh beach Resort,"Bao Ninh Beach Resort is a relaxing four-star getaway nestled on a private stretch of white‑sand beach in Dong Hoi, just a short drive from Phong Nha‑Kẻ Bàng National Park. Guests can unwind with two outdoor pools (plus a children’s pool), beach volleyball, beachfront loungers and umbrellas, or indulge in spa, sauna, and massage treatments. With three on‑site restaurants, a bar/lounge, tiki‑style pool bar, fitness center, tennis court, and karaoke, the resort suits both families and couples. Attentive staff, free Wi‑Fi and parking, airport shuttle service, and easy access to local tours make it an ideal base for exploring Quảng Bình’s caves and coast.",Đường Võ Nguyên Giáp,+84 232 3854 688,,,17.4607085,106.6444753,https://lh3.googleusercontent.com/gps-cs-s/AC9h4nq_Px4CRGJJ0GqTOFUTid49jOs9Cheej957s8aUeQEWeUfRaTIlueFRmhLbaD9sLI3TzJxvlw_xKdej0xbHEUwn7XcxIerGngxmZjM4VMO_jEKAIz8OcMvH_c8k4oQ6HdohaDU=w1920-h1080-k-no,https://cdn.worldota.net/t/1024x768/content/98/ba/98ba2bd808f7f367c01163d106a9ceda39bc8d08.jpeg,,4.3,929,https://maps.app.goo.gl/mEnkggxmCANfJCAF8,Accommodation,affiliate,https://www.agoda.com/partners/partnersearch.aspx?pcs=1&cid=1945129&hl=en-us&hid=407883
BEE PUB - PHONG NHA,"Bee Pub is a lively and welcoming bar in the center of Phong Nha, perfect for relaxing after a day of adventure. The pub features great cocktails, cold beers, and a fun selection of games like pool, foosball, and darts. With its neon-lit vibe, good music, and friendly atmosphere, it’s a favorite spot for travelers to meet, mingle, and enjoy a vibrant night out in town.","ĐT20, Phong NHA, Bố Trạch, Quảng Bình",,,https://bee-hive-adventures.lovable.app/,17.6103887,106.3095841,https://lh3.googleusercontent.com/p/AF1QipM4sbnWekRTRRApX0xEHX6EpQ_CAGH7vHhS_b-1=w1920-h1080-k-no,https://lh3.googleusercontent.com/gps-cs-s/AC9h4npZfO__sMwsThBhM1hlePOu6lXK1EyKDLDZupsQrQ7XRUjlDExGib5gD6iOC0Lx4JThM-F1xIf4LBHxL0qHWpFowNQ3_5VVJHofv5drMrUf4K6v2CalHOEdW0LdfR76kwCZoIzYF5GojkcM=w1920-h1080-k-no,"backpackers,",5,324,https://maps.app.goo.gl/vTrkFWqFm7TTYvTX7,Food & Drink,none,
BinBin Homestay Đồng Hới Quảng Bình,"BinBin Homestay is a cozy and well‑rated guesthouse located just over a minute’s walk from Nhật Lệ Beach in Đồng Hới, making it an easy base for both beach days and airport transfers. Each guest room is bright, clean, and air-conditioned, with essentials such as a flat-screen TV, fridge, private bathroom, and free parking. The family‑friendly atmosphere, welcoming hosts, and services like bicycle use or golf‑buggy pick‑up add a lovely local touch. Rated highly for cleanliness, comfort, value, and helpful service, it’s a favorite among travelers exploring Quảng Bình.",240 Nguyễn Hữu Hào,+84 941 375 586,,,17.5068264,106.6148254,https://lh3.googleusercontent.com/p/AF1QipMhvo3wWC00S2HlOkjJieEn9WG2HPNcZZnBa5-5=w1920-h1080-k-no,,,4.4,21,https://maps.app.goo.gl/HNiPhsRfWDiGY4nXA,Accommodation,affiliate,https://www.agoda.com/partners/partnersearch.aspx?pcs=1&cid=1945129&hl=en-us&hid=67851517
Bún bò Huế (KINH THÀNH),"Bún bò Huế (Kinh Thành) is a local eatery in Đồng Hới celebrated for its richly flavored bowl of bún bò Huế made in the style of Huế. The broth is deeply savory with fragrant lemongrass and shrimp paste, paired with thick vermicelli noodles, tender beef, blood jelly, and pork knuckles, finished with herbs, banana blossom, and a squeeze of lime. This spot delivers a genuine Hue-style experience right in Quảng Bình, perfect for breakfast or a hearty midday meal. Expect a bustling, friendly vibe with locals gathering for this well-loved regional specialty.",J864+CWM,+84 775 359 035,,,17.6110797,106.307289,https://lh3.googleusercontent.com/gps-cs-s/AC9h4noQf078c7u_NV-vmkSYXCbZlHUREvhx6ZLT2qPnPLD3oKtmeV2WsWfzgOhLfQaUM5DrETIcNJMhsBVZ37ldc7DWYaQWPxOVoYL-f5g0I5KtKcjJcFJyL9GGtCHxQmAQ7cePRL3t=w1920-h1080-k-no,https://lh3.googleusercontent.com/gps-cs-s/AC9h4nrMZDpqZv3S67sY8PJ9p4yCqF7HB_oGShL3jqWwpfqYbWJl6uLQB6MFUV8J2adRwdYE3MI_QcMNQZigj5XU6b5bcUicIT3fnwVugWjgYgq-QwziojeL0gKlQSfqPWhFnTUWzP3y=w1920-h1080-k-no,,5,13,https://maps.app.goo.gl/8ge7977sCvK6R9nr6,Food & Drink,none,
Casual beer restaurant,"Quán Nhậu 75 (Phú Trọng Quán) is a popular casual beer restaurant located at number 75 Bạch Đằng Street in Đồng Hới. It’s known for its budget-friendly, laid-back setting—ideal for enjoying cold drinks and hearty shared plates with friends or families. The menu features a variety of grilled meats, fresh seafood, and local favorites prepared simply and deliciously. With generous portions, friendly service, and a lively local feel, it’s a favorite spot to unwind after sightseeing or a day of exploring.","H7V5+64C, Phúc Trạch, Bố Trạch, Quảng Bình, Vietnam",,,,17.59330936,106.257795,https://lh3.googleusercontent.com/gps-cs-s/AC9h4noQyukllpktEw3MyGIxeJLMJGt2lzUCfYEv6zVeod1l96rhJEnLpbZ8GnDaT5po0AF9cOH1n9497acK_T4zqV_YYONq9NrTeaHriySIbtyZAf-FQT_licmjNmxyEHfKM5gsFcRxgA,https://lh3.googleusercontent.com/gps-cs-s/AC9h4nrxlyF-qBdfQPVyCoy_MbCD4rjnaydelFCQlzCx_SL8cZPVgHPAPiUzURyrhHS5OCyrU2jgO0P_couzuIG0Xt3sFt_GKAnSHWFDuR424skv6cIfpKxBbGwiy3uY4EsHUIRLSXQ7,,3.3,3,https://maps.app.goo.gl/6WShGkuCxnvJj2zu5,Food & Drink,none,
Celina Peninsula Resort- Resort đẹp Quảng Bình,"Celina Peninsula Resort sits on the beautiful Bao Ninh Peninsula, surrounded by the East Sea on one side and the peaceful Nhat Le River on the other. This upscale beachfront resort offers spacious rooms and bungalows, many with views of the ocean, pool, or lush gardens. Guests can enjoy a private beach, two outdoor pools, a spa, sauna, fitness center, and activities like cycling, tennis, and yoga. With excellent dining, family‑friendly facilities, and a location just a few minutes from Dong Hoi, it’s the perfect base for combining Phong Nha exploration with a relaxing beach escape.",Võ Nguyên Giáp,+84 232 3900 999,,http://celinaresort.com/,17.4604338,106.6446597,https://lh3.googleusercontent.com/gps-cs-s/AC9h4noR2BF0Gjxlk_VDPmQX-izx1nvxJY69ZmXXE0mDmWvcO7FjXeqNv2sL3s_NAZ6JGGxxlP3PMMUaD379k5U__vSDoMERd2tfTaPfvR1vJOleXU5lNpJr_YkIC_OnxwGSsLyFZiXj=w1920-h1080-k-no,https://lh3.googleusercontent.com/p/AF1QipOtZIPDl5imdL9W1kAbS7T3sepqNJAVNKlWzJv5=w1920-h1080-k-no,,4.5,919,https://maps.app.goo.gl/6dpHaHMBqA5cqDJa7,Accommodation,affiliate,https://www.agoda.com/partners/partnersearch.aspx?pcs=1&cid=1945129&hl=en-us&hid=30717034
Central Backpackers Hostel - Phong Nha,"Central Backpackers Hostel – Phong Nha is a lively, social hostel just outside the town center, perfectly placed for exploring the national park and nearby attractions. It offers a fun atmosphere with a pool, garden, bar, and common spaces ideal for meeting other travelers. Accommodation includes clean dorms and private rooms, all with air‑conditioning and comfortable beds. With friendly staff, free breakfast, and regular events like BBQ nights and happy hours, it’s a top choice for budget travelers seeking both adventure and community.","Xuân Tiến, Phong NHA, Bố Trạch, Quảng Bình 470000",+84 232 6536 868,,https://centralbackpackersphongnha.com/,17.6091221,106.313292,https://lh3.googleusercontent.com/gps-cs-s/AC9h4nq2wYZOstY3CU-_PoVxb9lOp75B0MbLWxXWyLstQssLpD9e5KRTp1eK07f0iE4wZPhseLr_Y3CaIJX_vaAvbzOCeifHQTmkJwzCOm01dQWNVjl1NmiqYCm4s3nsTB5QpvSXKA18Mw=w1920-h1080-k-no,https://lh3.googleusercontent.com/p/AF1QipNjHmuDgzujvtms7pmKg_4SNBWdsTWcxJqnxySD=w1920-h1080-k-no,,4.5,451,https://maps.app.goo.gl/T2Q1Z3HiuxtFNRGq6,Accommodation,affiliate,https://www.agoda.com/partners/partnersearch.aspx?pcs=1&cid=1945129&hl=en-us&hid=7427814
Chày Lập Farmstay,"Relaxed bungalows offering free Wi-Fi, plus an outdoor pool, bike rentals & a restaurant & a bar.",,+84 931 357 677,,https://chaylapfarmstay.com/,17.6017277,106.2546176,https://lh3.googleusercontent.com/p/AF1QipMUW5baxK9xRRp2Ie9LVCowpBY05MDFpivCv_Br=w1920-h1080-k-no,https://lh3.googleusercontent.com/p/AF1QipMBoRZtCAv7scs2S5jWmH-kwkM7Nvu7BzBfC9fz=w1920-h1080-k-no,,4.4,696,https://maps.app.goo.gl/cDKz7X9xM61qPcjX7,Accommodation,affiliate,https://www.agoda.com/partners/partnersearch.aspx?pcs=1&cid=1945129&hl=en-us&hid=55664261
Coffee Lyly 89,"Coffee Lyly 89 is a stylish and cozy café located in the heart of Phong Nha town, perfect for relaxing with a drink between adventures. The interior feels warm and inviting, while outdoor seating offers a pleasant spot to enjoy fresh air and local surroundings. Their menu includes a variety of aromatic coffees, teas, and refreshing beverages, all served in a friendly and welcoming atmosphere. Whether you're seeking a quiet morning start or a peaceful afternoon break, this café is a delightful place to unwind and recharge.","Thôn chày lập, Phúc Trạch, Bố Trạch, Quảng Bình",,,,17.5819114,106.2547529,https://lh3.googleusercontent.com/gps-cs-s/AC9h4nrt51SQYYeZrWLddOgV31XM_ubQbW8fYQo5mx7gpgN9qNxIF0n-ZpoGA2AjXsG3KWi2Phn4LC8kO-qhvXHkjnjk3-VwS1rM7ED_Nec_v-jvBAZdonhZS0KGzhLcszrBnzmgMLhz=w1920-h1080-k-no,,,4.8,82,https://maps.app.goo.gl/YKLEN3rFKMfrtZKF7,Food & Drink,none,
Cối Xay Gió Homestay Quảng Bình,"Cối Xay Gió Homestay is a peaceful and charming getaway in Đồng Hới, just a short walk from Nhật Lệ Beach. The homestay offers bright, comfortable rooms ranging from dorms to private family suites, all equipped with air-conditioning and clean bathrooms. Guests can relax in the garden, enjoy the shared kitchen, or unwind with a coffee in the lounge. Friendly hosts, bike rentals, and a welcoming atmosphere make it a great base for exploring Phong Nha and the surrounding area.","Trung Bính, Dong Hoi, Quảng Bình 47000",+84 905 959 388,,https://www.facebook.com/coixaygiohomestaycoffee.quangbinh,17.460365,106.6384242,https://lh3.googleusercontent.com/p/AF1QipPq4z895T08A6npnYbcTu38ehvadH1uzJY9_8uJ=w1920-h1080-k-no,https://lh3.googleusercontent.com/p/AF1QipPRAb8HzPli52L7ziD7T6CETRpID_PCF6FHcTzQ=w1920-h1080-k-no,,4.4,21,https://maps.app.goo.gl/XsEiA3KDTttDkEgU7,Accommodation,affiliate,https://www.agoda.com/partners/partnersearch.aspx?pcs=1&cid=1945129&hl=en-us&hid=5846471
Danh Lam Homestay(tân hoá.quảng bình),"Danh Lam Homestay is a charming community-style lodgings nestled in Tân Hóa village, about 70 km northwest of Phong Nha. Guests stay in thoughtfully designed homes—some built on stilts, others floating—to withstand seasonal flooding, offering both comfort and a unique cultural experience. Surrounded by limestone mountains, riverside views, and wide-open grasslands, the atmosphere is tranquil and immersive. Staying here gives you the chance to explore local culture firsthand, cycle through fields, paddle on the river, and connect with friendly people from the Nguồn community.","Thôn 1, Minh Hoá, Quảng Bình",+84 916 940 643,,,17.7713454,106.0393893,https://lh3.googleusercontent.com/p/AF1QipM0eIPVtYcQlIXhpWtMd7GyI2E5pzJ_BeBPsO98=w1920-h1080-k-no,https://lh3.googleusercontent.com/p/AF1QipON3dBIbyrxiqk2j5NQQIN2CJ2yE2ZMCCRpOT2e=w1920-h1080-k-no,,5,23,https://maps.app.goo.gl/J2zXTzHvqwSBGwAD9,Accommodation,none,
Dark Cave,"Dark Cave – Hang Tối is an exhilarating cave adventure located within Phong Nha–Kẻ Bàng National Park. This natural attraction spans over 5 km and includes both dry sections and an underground river that empties into the Chày River. Visitors start the day with a thrilling zipline across the river into the cave entrance, followed by exploring narrow, unlit passages with a headlamp, and floating through deep chocolate‑colored mud pools where you naturally float without sinking. The excursion typically ends with kayaking back across the peaceful river and riverbank jungle scenery. With its mix of caving, mud baths, zip-lining, and kayaking, Dark Cave is one of the most adventurous—and fun—day trips in the region.","Sơn Trạch, Bố Trạch District, Quảng Bình, Vietnam",,,https://phongnhatourism.com.vn/,17.57446154,106.2514133,https://lh3.googleusercontent.com/gps-cs-s/AC9h4nrTqN9w6byW2YPq-0QXhenPYnaJGBJEIDkTIpqffBE5P8agGNwuSpO8jPOARUtFNFGGEvBT_hnR7OoaFPuKrOF4mbu5v3pSONUfUIEUxf5eBv6HlpQ0H1yHYuty4LXD4c5IYDwB,,,4.3,96,https://maps.app.goo.gl/38cHoYsuMvu8ViWt9,Cave,none,
Dolphin Homestay,"Dolphin Homestay is a warm and welcoming guesthouse located on Nguyễn Du Street in Đồng Hới, right on the banks of the scenic Nhật Lệ River. Just minutes from the town center and close to the beach, it features six cozy rooms (including doubles, family, and dorm-style), and guests can enjoy a rooftop terrace with river views, as well as elegant pastel decor throughout.",42 Nguyễn Du,+84 985 668 563,,http://dolphinhomeqb.com/,17.4766416,106.6234009,https://lh3.googleusercontent.com/p/AF1QipP_JFAuc-Pt7WaUdrrKFBGYKzDFJ_hFMjkhbjTw=w1920-h1080-k-no,,,4.8,314,https://maps.app.goo.gl/gyExYVLJM4iS8yKE8,Accommodation,affiliate,https://www.agoda.com/partners/partnersearch.aspx?pcs=1&cid=1945129&hl=en-us&hid=63536486
Dozy Hostel,"Dozy Hostel is a modern, capsule‑style hostel in Đồng Hới, just a short walk from Nhật Lệ River and the city center. It offers clean and comfortable capsule beds as well as private rooms, all designed with a focus on simplicity and efficiency. Guests appreciate the friendly staff, motorbike rental service, and help with arranging tours to Phong Nha. With its convenient location and relaxed atmosphere, it’s a great budget‑friendly choice for travelers.","29 Dương Văn An, Đồng Hải, Đồng Hới, Quảng Bình, Vietnam",,,,17.47551651,106.6220349,https://lh3.googleusercontent.com/gps-cs-s/AC9h4npsgiyIAeCDzRdyPwsPiFd33DfhrlgwXFr21S_vD4I03v53Fis_8-E-w_PZdy2FgzjtLUa3wc85dIgN_9Vxr3Zz3zxsVrySFacRpw0WkOqgwhfmWtIKAZ1uEjAT7qH7MfMhiYYJ,,,4.4,27,https://maps.app.goo.gl/giCAX1DrJKhqBHep8,Accommodation,affiliate,https://www.agoda.com/partners/partnersearch.aspx?pcs=1&cid=1945129&hl=en-us&hid=1194083
Duy Tân Resort Quảng Bình,"Duy Tân Hotel & Resort Quảng Bình is a modern 4-star beachfront property located on Võ Nguyên Giáp Street in Bảo Ninh, just steps from Nhật Lệ Beach. With 168 rooms ranging from deluxe doubles to ocean-view suites, many units feature balconies with views of the sea, pool, or tropical surroundings. Guests can cool off in the large outdoor pool or children’s pool, enjoy meals at multiple on-site restaurants, and relax in spa, sauna, or fitness facilities. With free Wi‑Fi, dedicated parking, 24‑hour service, and a private beach, the resort blends comfort and convenience—making it ideal for both families and travelers exploring Phong Nha’s natural wonders.","Bảo Ninh, Đồng Hới, Quảng Bình",+84 232 3686 696,,http://duytanhotel.com.vn/,17.4618638,106.6435951,https://lh3.googleusercontent.com/p/AF1QipPuOaDj1UGf69SOLE5NP7Ttd6EimP0sITQ8TTT8=w1920-h1080-k-no,https://lh3.googleusercontent.com/gps-cs-s/AC9h4npj-C8_aADb4Jtx9HIwIQ1WjUSkER4g4kOXH6tXku9kD5MXVmP58mqyru6OA1fUQ1t_zFGSEb2u6pfVkD7L0-Un6gg0ZdiEQ1TX3N1Y1WEsp3Kt2tIIqkBqTr6rlWedXGRI4Gz9ZA=w1920-h1080-k-no,,4.1,336,https://maps.app.goo.gl/frLYa6PNsBdHPn5b8,Accommodation,affiliate,https://www.agoda.com/partners/partnersearch.aspx?pcs=1&cid=1945129&hl=en-us&hid=31041275
East Hill - Phong Nha,"East Hill – Phong Nha is a rustic open‑air café & casual restaurant perched on a gentle hillside just outside Phong Nha town. With lush green gardens and flower-filled terraces overlooking rice plains and hills, it’s a dreamy spot to pause and enjoy the sunset. Try their signature grilled chicken or other simple Vietnamese dishes while swinging on a hammock or relaxing on wooden decks. This peaceful, photo‑friendly venue offers a true rural escape and a serene break between cave adventures or countryside treks.","Cầu Bùng, Cà Phê đồi",+84 948 953 925,,https://www.facebook.com/East-Hill-Phong-Nha-237868583268158,17.6180457,106.3647241,https://lh3.googleusercontent.com/gps-cs-s/AC9h4nqCx0Bw7P65-ia2W8e3wOcG-WWop669d_-SiOTakp_FSB7Kc7YXk6pwHD6Z8-vyi2a9GpyxwEDlNnZBP0g7Q1Ds3wBg-phUitzXYPFlDfGJM32-JikkONjfTWC-1qECt1-tBlsL=w1920-h1080-k-no,https://lh3.googleusercontent.com/gps-cs-s/AC9h4nr4m-13iOhXvGr8jXhcIyUc_JaU6jLAP9vW3N4V5NYYK5PE2ZGfVqYneYy4A3qxk-L_VK_1wVINRUkLs3z6Ww5h8Hbg2EepEskQs2_2yAKG6UMmKBcFrWru_JEcmJL6RbeRzI0MTNG0Qr0=w1920-h1080-k-no,,4.5,296,https://maps.app.goo.gl/ZYynUtLRqdT2vbnf7,Accommodation,none,
Hang Én Cave,"Hang Én, also known as Swallow Cave, is one of the largest natural caves in the world, stretching nearly 1.6 km through a limestone mountain in Phong Nha–Kẻ Bàng National Park. Its enormous entrance, about 100 meters high and 170 meters wide, creates a dramatic gateway to Son Doong Cave. The journey to Hang Én includes a jungle trek, stream crossings, and visits to local villages before reaching the wide sandy riverbank inside the cave where camping takes place. With its stunning natural skylights, vast chambers, and adventurous approach, Hang Én is a breathtaking experience for fit travelers seeking an unforgettable cave expedition.","C7RR+FWR, 565, Tân Trạch, Bố Trạch, Quảng Bình, Vietnam",,,,17.4414402,106.2922632,https://lh3.googleusercontent.com/gps-cs-s/AC9h4nrkNS3xprcIESEw_ow5SaxHmcFHoXXYW5gzFxdDQAckrwKKnDGYwaG4H1vNzYnLCB4qeSGeBiyFF1aP--G6ZMLOmgYCpp4b-bDvfiYQrHfzW9sXSI9itS97YgIBVW5ylPJqycEc,,,4.7,26,https://maps.app.goo.gl/jQszfgJEBUk1LGuK6,Cave,none,
Fami Homestay,"Fami Homestay is a welcoming, family-run guesthouse nestled in Sơn Trạch, about 2 km from Phong Nha town center and the visitor center. It offers a tranquil garden and terrace setting where guests can relax after a day of exploring local caves. Accommodation includes air-conditioned private rooms and dorm beds, with shared amenities such as free Wi‑Fi, a café, a small playground, and complimentary bicycle use. With friendly 24‑hour reception, pet‑friendly policies, and easy access to tours and transport, it's a comfortable and convenient choice for travelers wanting both value and local charm.","Cù Lạc 1, Bố Trạch District, Quảng Bình",+84 942 808 823,,,17.6165394,106.3215641,https://lh3.googleusercontent.com/p/AF1QipP38f2g_vR-Dhwwm5NycIrtbfFnIqAYuJ5Pl_um=w1920-h1080-k-no,https://lh3.googleusercontent.com/gps-cs-s/AC9h4nqkSjonq0RYOwL6xqf_21Ce2mfNBDD1kY007QiegJj0-Sv19NLaSRlnl-DlVAG74Z6FryLu3hb8-ZZpuJvOCU2w29zsaWYPtb4bj2DJqUh-08kjuCBu3eZFdOzwwzfIqX_t_n_k=w1920-h1080-k-no,,4.3,29,https://maps.app.goo.gl/jqtGfrZhsaeiv8Ui6,Accommodation,none,
Geminai Restaurant,"Geminai Restaurant is a vibrant Thai-style bistro situated along the peaceful riverside of Đồng Hới, offering guests a cozy and inviting dining experience. The menu features a creative fusion of authentic Thai flavors—including standout items like pineapple fried rice, spicy stir-fries, and a rich Thai hotpot—with a few Western-style dishes such as uniquely seasoned burgers. Known for warm hospitality and attentive service, it’s a favorite among locals and travelers alike. With clean, stylish interiors, relaxed outdoor seating, and fair prices, it’s a great choice for a flavorful meal after sightseeing in Đồng Hới.",56 Nguyễn Du,+84 232 3938 888,,,17.476995,106.6235161,https://dynamic-media-cdn.tripadvisor.com/media/photo-o/14/41/20/4f/a-tropical-house.jpg?w=1900&h=1400&s=1,https://images.trvl-media.com/lodging/16000000/15730000/15727300/15727285/231cd51b_z.jpg,,4.1,652,https://maps.app.goo.gl/5zuBVFdqF9vbhYm2A,Food & Drink,none,
Genkan Vegan Cafe,"Genkan Vegan Cafe is a cozy plant‑based café tucked away on a quiet street in Đồng Hới. The menu features a variety of vegan and vegetarian dishes, from fresh salads and rice noodles to flavorful stir‑fried vegetables and tofu. The atmosphere is calm and inviting, with greenery and warm décor that make it a relaxing place to enjoy a meal. Friendly service and wholesome food make it a top choice for health‑conscious travelers visiting Quảng Bình.",Đường 56 Dương Văn An,+84 989 631 186,,,17.4745151,106.6219824,https://lh3.googleusercontent.com/gps-cs-s/AC9h4nrN0cYkfyYzb63qm-qdES32JizgIRsujY8uLWSk6cz66vn6B4pSknd8s-2-H7PITnfgygxhtdAhDq5qMQ1IggHQuKzJe_inK2wmuCSUryT0lEn0_bC94jCk6tG4TbrI1kPSKGqDpb1QzOG4=w1920-h1080-k-no,https://lh3.googleusercontent.com/p/AF1QipMhqFLmRBihs0P3zpWbkZNi6KjuePA3C3k11xRH=w1920-h1080-k-no,"vegan,",4.6,93,https://maps.app.goo.gl/3y4v9sKoiikNHutLA,Food & Drink,none,
Gold Coast Hotel Resort & Spa,"Gold Coast Hotel Resort & Spa is a luxurious beachfront escape on the Bao Ninh Peninsula, offering stunning views of the East Sea and Nhật Lệ River. The resort features spacious rooms, suites, and villas, many with private balconies overlooking the ocean or tropical gardens. Guests can enjoy a private beach, large swimming pools, a full-service spa, multiple restaurants, tennis courts, and a kids’ club. With excellent service, modern amenities, and a peaceful atmosphere, it’s an ideal choice for both relaxation and exploring Phong Nha.",Đường Võ Nguyên Giáp,+84 232 6256 666,,http://www.goldcoastquangbinh.com/,17.4666076,106.6405238,https://lh3.googleusercontent.com/p/AF1QipPTQ-xFK1kQ6KpX_Nns9UzfVKLIgbyGdEw9BFe_=w1920-h1080-k-no,https://lh3.googleusercontent.com/p/AF1QipNCT5R1ckU0yZTD0gMQ2mhb-cjnknfUWWxRbcTX=w1920-h1080-k-no,,4.6,1577,https://maps.app.goo.gl/KrCgqcScdfSsJ4Ro8,Accommodation,affiliate,https://www.agoda.com/partners/partnersearch.aspx?pcs=1&cid=1945129&hl=en-us&hid=2172456
Green Riverside Cosy Home   ,"Green Riverside Cosy Home is a tranquil riverside guesthouse nestled in Sơn Trạch, offering peaceful views of the Sông Son and surrounding limestone hills. Bright and comfortable private rooms and dorms often feature balconies or terraces overlooking gardens, river, or verdant landscape. Guests can relax at the outdoor terrace by a fireplace or dine on local dishes beneath shady trees, with free Wi‑Fi, bike rentals, and warm local hospitality. A serene, well-located base for both rest and exploration of Phong Nha’s caves and countryside.","ĐT20, Sơn Trạch, Bố Trạch, Quảng Bình 311860, Vietnam",84778508898,,http://www.greenriverphongnha.com/,17.60320162,106.2982736,https://lh3.googleusercontent.com/p/AF1QipM4iS9wal09ogS4akH2uppCyOHjwE0JKvMW8j6Y,,,4.8,771,https://maps.app.goo.gl/ynR9fKRqssJkoQk27,Accommodation,affiliate,https://www.agoda.com/partners/partnersearch.aspx?pcs=1&cid=1945129&hl=en-us&hid=5859479
Greenfield Ecostay,"Greenfield Ecostay is a serene, eco-friendly homestay set in vibrant green rice fields just a few kilometers outside Phong Nha town. This small retreat, managed by a Belgian–Vietnamese couple, features just ten rooms and cozy bungalows surrounded by flowering gardens and mountain views. A standout is the infinity pool overlooking the countryside, inviting guests to unwind in absolute peace. Guests enjoy home-cooked meals using organic produce, free bike and scooter rentals, and warm hospitality that makes it feel like a countryside home.","Hưng Trạch, Bố Trạch District, Quảng Bình",+84 348 402 300,,https://greenfieldecostayphongnha.com/,17.6220277,106.3528582,https://lh3.googleusercontent.com/gps-cs-s/AC9h4nrnrZzIdkVxxSfmfcTmkRv8L8wzB8sKTucqLwc3ooYiob3YQlfuBW1y_3nZveG3_PoCUW1iiedzkiv83bW8JsNssqF3dTyFjKzQJBnfyPggAmpj_P062AKJ7FzzfSCzzfqZDwKg=w1920-h1080-k-no,https://lh3.googleusercontent.com/p/AF1QipNEdHH3VFYGUKvR_gXftKwOdRrICsxllCNLoyJ1=w1920-h1080-k-no,,5,117,https://maps.app.goo.gl/f4JSX7k7zqLNZCkc7,Accommodation,affiliate,https://www.agoda.com/partners/partnersearch.aspx?pcs=1&cid=1945129&hl=en-us&hid=5812992
Ha Linh Restaurant,"Ha Linh Restaurant is a spacious, well‑ventilated dining spot located in Phúc Trạch (Bố Trạch District), serving a wide range of Vietnamese favorites including rice dishes (cơm), noodle soups, bún bò Huế, bún chả, and more . Its standout dish is roasted suckling pig, featuring crispy golden skin and tender, aromatic meat that impresses guests with both flavor and presentation .","H7J3+4P8, QL15, Phúc Trạch, Bố Trạch, Quảng Bình, Vietnam",84915932400,,,17.58258,106.2551164,https://lh3.googleusercontent.com/gps-cs-s/AC9h4nowha86hsORI8TcWLnx43oBfAUsW-GyvGcUfabDA8D_SKU0zP_4GievepzPJycu0jz7_tRzoBaRz3nX3hQO81c9Va_ZDXv8zvAG1sdEuKOko6HO5YLuStH2DKPeZLNuHjgaXFRl,https://lh3.googleusercontent.com/gps-cs-s/AC9h4nqaUNAmRyUgmmZL2XAwFRHlSNSA4ns60SwSFInGmdVB7nnjcvJh66hFaJIGf6eGn2vMZDpDP0kix8ROR8a48kEd6ZUUjCT_qsCMh5vdKQ5sZIpWorYaLL9dnhAcwUGWhcjxCmo,,3.4,74,https://maps.app.goo.gl/j4JcFGfuQd36pVAA8,Food & Drink,none,
Hải Âu Hotel and Apartment,"Hải Âu Hotel & Apartment is a comfortable, family‑run property located a short walk from Nhật Lệ Beach in Đồng Hới. The hotel offers air‑conditioned rooms with private bathrooms, flat‑screen TVs, and some with views of the river, garden, or surrounding neighborhood. Guests can enjoy free parking, 24‑hour reception, and helpful service that often includes local travel advice and tour arrangements. With clean rooms, friendly hospitality, and a convenient location, it’s a great value choice for travelers exploring Đồng Hới and Phong Nha.","Bảo Xuân, Dong Hoi, Quảng Bình",+84 905 095 073,,,17.4751838,106.6321317,https://lh3.googleusercontent.com/p/AF1QipOjt8kCwKsHCGiX3N_MjMcTxE9LN6Thzxrl0K-J=w1920-h1080-k-no,https://lh3.googleusercontent.com/p/AF1QipOdGzZIRlq9IoE-hvHASSkN_y4mndj8U-j3z5xY=w1920-h1080-k-no,,3.5,87,https://maps.app.goo.gl/U7aX9MdwgWsJxDAH7,Accommodation,affiliate,https://www.agoda.com/partners/partnersearch.aspx?pcs=1&cid=1945129&hl=en-us&hid=74631424
Hang Sơn Đoòng,"The menu showcases regional specialties and mountain‑to‑sea ingredients, such as snakehead fish hotpot and bamboo‑shoot dishes, delivered in generous portions that offer excellent value . Set in a family‑run, welcoming environment, the service is warm and attentive—with a reputation for being a reliable and satisfying meal stop after a day of touring or hiking in the national park .","Tân Trạch, Bố Trạch District, Quảng Bình",,,https://sondoongcave.info/,17.4647924,106.2873939,https://lh3.googleusercontent.com/gps-cs-s/AC9h4npv2txq7abBCp5MCH7uRu9CR1ZnV_EzTa-Ze4eJ6_w0L4s_OIQUirHNkBAv_cF7SzXVZFstHPLw8gaFwTlseSI5k9bY4Md7zLMkqAMCpXoHEWsC2cpsR4zsrKwj5cN_PzdYysaki650LPCl=w1920-h1080-k-no,https://lh3.googleusercontent.com/gps-cs-s/AC9h4norUSV8j1UrozPQ0sJwEXnjYTdgktkWU5a5vPRrsru2VV4jkWVQtTR0t0M4BI8FcDxvsBowTFpnOERnXevT9aac1UwhczSCvcbU4pQwxt5MFj39P-HpyJxariyx6oZSxCH9xpHG=w1920-h1080-k-no,,4.7,1062,https://maps.app.goo.gl/QxhnxBMJytahz2rWA,Cave,none,
Hang Trạ Ang,"Hang Trạ Ang is a beautiful cave in Phong Nha–Kẻ Bàng National Park, known for its crystal‑clear underground river and dramatic limestone formations. The cave stretches over 600 meters and features wide passages filled with turquoise water. Visitors reach it via a scenic jungle trek, often combined with swimming or kayaking through the cave’s river. The surrounding Trạ Ang Valley adds to the adventure, with lush forest trails, wildlife, and peaceful picnic spots, making it a perfect off‑the‑beaten‑path experience.","F7X6+FRV, Tân Trạch, Bố Trạch, Quảng Bình",,,,17.498748,106.262047,https://lh3.googleusercontent.com/gps-cs-s/AC9h4nrVufqM0by__DWFjAjpnvfLDnIrIc2FFKnfazEaZ9ZzWPxZTaTdw-4pECHxzW67-YRVEOBfDoo2IZ62CUXVwHKUR2brKYNQnUKqmmtF-5RtD9wMxyzUzJ9ICIUOygsbiR3tXeuFWA=w1920-h1080-k-no,https://lh3.googleusercontent.com/gps-cs-s/AC9h4npWriMrKza_X_8bGI5B0nb1Qa8yWIB9ks3fwn8CLcZHrK00pBgjvwYrCbi5JNieOgCIG-RUTZva4Sw-Bg-XyL6hQ3-feIlRv_9BDBCktJjgLci5dqNsOTlDkR6kP0TtbLomeFNv=w1920-h1080-k-no,,4.8,81,https://maps.app.goo.gl/2K3i5U9PNJt6C2Zk8,Cave,none,
Hang Va Cave,"Hang Va Cave is a remote and striking river cave located in the heart of Phong Nha–Kẻ Bàng National Park, close to the Son Doong system. It is famous for its extraordinary conical stalagmites, known as “tower cones,” and stunning emerald pools that make it one of the most geologically unique caves in Vietnam. The standard expedition involves a two‑day, one‑night adventure with jungle trekking, stream crossings, swimming through cave passages, and climbing vertical sections with safety harnesses. With its pristine formations, challenging terrain, and limited annual access, Hang Va offers an unforgettable experience for fit travelers seeking a true wilderness adventure.","F7RJ+FGR, Hồ Chí Minh Tây, Tân Trạch, Bố Trạch, Quảng Bình, Vietnam",,,,17.49145484,106.2812565,https://lh3.googleusercontent.com/gps-cs-s/AC9h4nrbeF-HYls1HGmUQjzSvsGxSVA2UL_NP7F1vNs2-kdVu8WqGyESzmGlh0uCr7WMd0-UWSAUK9C6rXCZiTCD8NllUOzfMjUZXRc_Kk9OcHwDoMdPQnZQ-21JQJWAigsK7-1QRMk,https://lh3.googleusercontent.com/gps-cs-s/AC9h4nplRcgM7wld6_vtEqioqsmOfI4QIwFPZv3AVhiGxi6Av1BZhqk4UpYH1CkhpFd-T1NZDUz_C23kFoBeUej4ilThbJoxgu7rfu2idUqOr7dUhQdyYgr8ndBep-jH7phmi30dEwFUiA,,4.8,29,https://maps.app.goo.gl/yMVSPXnbnbn2mqkx9,Cave,none,
Hưng Phát Bungalow,"Hưng Phát Bungalow is a peaceful retreat set among rice paddies and karst mountains just a few kilometers from Phong Nha town. The property offers cozy bungalows and family rooms with air‑conditioning, private bathrooms, and balconies overlooking the pool or garden. Guests can relax by the outdoor pool, enjoy the quiet countryside, and make use of free bicycles to explore the area. Friendly hosts, fresh breakfasts, and a tranquil setting make it an excellent base for discovering the caves and nature of Phong Nha.","Thôn, Cù Lạc 1, Bố Trạch, Quảng Bình",+84 393 514 028,,https://xn--hng-pht-mwa17p.bedsandhotels.com/,17.617028,106.3234818,https://lh3.googleusercontent.com/gps-cs-s/AC9h4nq0rbdgZnQcdRu_uNyTj87bR5Jy2SRQBWyO0xd05LwnKYmqkeNxQHNACPmnBpD8xSKuPr739mMAYZ47sCzp5Am6O41zqsHUL9qWXHCp6Sphptr9F5TVlso1M9iRDoSJjHm4sfzt0w=w1920-h1080-k-no,https://images.trvl-media.com/lodging/33000000/32550000/32547600/32547578/798cc3c4_z.jpg,,4.9,195,https://maps.app.goo.gl/RhSJW1kTHXf5H2hu5,Accommodation,affiliate,https://www.agoda.com/partners/partnersearch.aspx?pcs=1&cid=1945129&hl=en-us&hid=6377771
Jungle Boss Trekking Tours Headquarters,"Jungle Boss Trekking Tours Headquarters is the central base for guided adventure tours in Phong Nha–Kẻ Bàng National Park. Located near Phong Nha town, it serves as the meeting point for group briefings, equipment preparation, and safety checks before heading into the jungle. From here, guests set out on popular treks such as Elephant Cave, Ma Da Valley, Hang Pygmy, and Kong Collapse. Known for professional guides, small group sizes, and excellent organization, Jungle Boss is a trusted choice for adventurous travelers.","Thôn, Cù Lạc 1, Quảng Bình 511860, Vietnam",84917800805,,https://junglebosstours.com/,17.61592251,106.3239569,https://lh3.googleusercontent.com/p/AF1QipNhusTbYtutZ4aS1TEQy-RWaCwxnM9KYb2BJa7T,https://lh3.googleusercontent.com/gps-cs-s/AC9h4npjAwo16fJpOMK52OEuDggV-gPgMmNMPfmTIDm4Vf2FQgV4L5HO8hH7S_fA_kvRAfKWCncN-F1Tc_RgSN7xOJm9OUldB_VwOVpXAuB1QNwxZDZGOJQ_Pj8ZVQL-5eomNvj1XeSQ,,4.8,649,https://maps.app.goo.gl/Rt99MvNkCEiU8QTYA,Tour,none,
Karst Villas Phong Nha,"Karst Villas Phong Nha is a boutique retreat set in a quiet village surrounded by rice paddies and dramatic karst mountains, just minutes from the national park. The property features modern villas and rooms, many with balconies or terraces offering sweeping countryside views. Guests can relax by the infinity‑style pool, enjoy the garden lounge, and dine at the on‑site restaurant and bar. With comfortable rooms, bike rentals, and warm hospitality, it’s an ideal base for exploring the caves and natural beauty of Phong Nha.","Unnamed Road, Bố Trạch, Quảng Bình",+84 857 788 789,,,17.6105804,106.3362503,https://lh3.googleusercontent.com/gps-cs-s/AC9h4nr4s_ALXvwrkkIMrjVOom_2v53ofxA0SbONP7ouFgKfq9W2XGw5bmI4rvs8l5LOmyltMUe6Olz2OTpa2P9u2CgN0QuUj16NdSbOiWXNSOOnCOQfujgKzTIofLRZ9E03UcNau1PR7A=w1920-h1080-k-no,https://lh3.googleusercontent.com/gps-cs-s/AC9h4nripXs2uTzW28ImGuXqqFfUt2loTzNXLdb3msvvPoTSp9pqD6PBnJrVTvk7ziFim9loMBc4Xlb_Pg0OWjNgsJZbIuP5ue208vK53ssh6txr76-OGe6n-ptSmkD2aTQPpbzjd-JuOQ=w1920-h1080-k-no,,4.7,240,https://maps.app.goo.gl/gdaUN6c5PVXfTJfU6,Accommodation,affiliate,https://www.agoda.com/partners/partnersearch.aspx?pcs=1&cid=1945129&hl=en-us&hid=28084550
Khách sạn Trung Trầm,"Khách sạn Trung Trầm is a modern 4‑star hotel in Bảo Ninh, just a short walk from Nhật Lệ Beach and close to Đồng Hới city center. The hotel offers spacious, well‑appointed rooms with air‑conditioning, flat‑screen TVs, minibars, and private bathrooms, some with city views. Amenities include an indoor pool, shared lounge areas, and free parking, along with friendly, attentive service. With its convenient location and comfortable facilities, it’s a solid choice for travelers looking to combine beach relaxation with exploring Phong Nha.","27-29 Hoàng Đạo Thuý, Bảo Ninh, Đồng Hới, Quảng Bình, Vietnam",84357370886,,,17.4588517,106.6431075,https://lh3.googleusercontent.com/p/AF1QipP3KdoSNJwl3lmJdBI576vNc4xYWVVEBd15F4Hu,,,4.7,28,https://maps.app.goo.gl/MsvWXHcdjJgFAhcf8,Accommodation,affiliate,https://www.agoda.com/partners/partnersearch.aspx?pcs=1&cid=1945129&hl=en-us&hid=59675952
Lena Homestay & Villa,"Lena Homestay & Villa is a stylish, family-run property in the Đồng Mỹ area of Đồng Hới, within a pleasant 10‑minute walk to Nhật Lệ Beach. The tastefully decorated rooms—including garden‑view twins and deluxe doubles—are spotlessly clean, spacious, and well-maintained, with air-conditioning, private bathrooms, and thoughtful amenities. Guests appreciate the quiet and leafy location, friendly hosts offering practical help like tour and transport tips, and easy access to café-lined streets and riverside promenades. With excellent value, personalized hospitality, and a convenient location, it’s a top choice for travelers seeking a peaceful yet accessible stay.","110 Dương Văn An, Đồng Mỹ, Đồng Hới, Quảng Bình, Vietnam",84858515403,,,17.47728522,106.6216877,https://lh3.googleusercontent.com/p/AF1QipMeL1cq_-cuSiYYdNNG2kRkRZ9N9d9Ii69i6hds,,,4.6,33,https://maps.app.goo.gl/tVfPVWAnokRAuXcL7,Accommodation,affiliate,https://www.agoda.com/partners/partnersearch.aspx?pcs=1&cid=1945129&hl=en-us&hid=38149130
Lotus Restaurant - Phong Nha,"Lotus Restaurant is a scenic riverside dining spot just outside Phong Nha, surrounded by lush gardens and tranquil water views. The menu blends Vietnamese and Southeast Asian flavors, with specialties like banana flower salad, mango salad, cashew tofu, and bamboo‑tube chicken, all known for their freshness and colorful presentation. Guests praise the friendly, attentive service and the relaxing atmosphere, making it a favorite choice for a memorable meal in the area.","Cù Lạc 1, Bố Trạch District, Quảng Bình, Vietnam",,,,17.61910062,106.3380589,https://lh3.googleusercontent.com/p/AF1QipP0Fb01R6RqqFM5ludmqeyQKiLGEILr3gzNLdmn,,,5,392,https://maps.app.goo.gl/c3Zw3fKcRrQsn9Ky8,Food & Drink,none,
Manli Resort,"Manli Resort Quảng Bình is a beachfront resort located on Trương Pháp Street in Đồng Hới, just a few minutes’ walk from Nhật Lệ Beach and the nearby Ho Bàu Tró wetland area. The property offers around 100 air‑conditioned rooms with comfortable beds, minibars, flat‑screen TVs, safes, and modern bathrooms. Guests can enjoy an outdoor swimming pool with sun loungers, a landscaped garden, and private beach access. Onsite facilities include a restaurant, bar, free breakfast, Wi‑Fi, parking, bicycle rentals, laundry, and optional airport shuttle service. With helpful staff, clean accommodations, and a prime seaside location, it’s a great choice for combining a beach holiday in Đồng Hới with trips to Phong Nha.","379 Trương Pháp, Quang Phú, Đồng Hới, Quảng Bình, Vietnam",842323868668,,https://manliresort.com/,17.50924982,106.614488,https://lh3.googleusercontent.com/gps-proxy/ALd4DhGwtzzZNH-HjpWECwruVGx5akvG1Q6PW5Ppj4vxEQTCWiu9-KkE358WgOcrD-UG5hCDqFNzBjpw5hw3n4K9ZcoALjWsC53SfYafjewE2vOEExrX-ArpZDVR77C-M99v8vwwxa12tKCbBBCBkEncwhKNo56d5_9O8XRFYOSt3VxsjwsWA3tHcMsg,,,3.8,303,https://maps.app.goo.gl/iFxySkwkDDtNvCNb8,Accommodation,affiliate,https://www.agoda.com/partners/partnersearch.aspx?pcs=1&cid=1945129&hl=en-us&hid=10666105
Mê Công Cafe,The family running this place are wonderful. Excellent spot for lunch and dinner. Perfect river/mountain view for sunset. Easy 5min motorcycle ride from the main street.,"J89W+QC2, Unnamed Road, Hưng Trạch, Bố Trạch, Quảng Bình, Vietnam",,,,17.61958439,106.3459625,https://lh3.googleusercontent.com/gps-cs-s/AC9h4nr0GG3N43YOSe_biqm6Mk4ytML1ln6UCqk0UteynelHFJzmb2xv7Q7DAWmNLwzh6EConYl9uGFwaQjTOkFlX63-1cmMsff6EwKxgdmDIOPQ8iD6Dk0gS6c9PKRDVIlszSvArvRF,,,4.9,26,https://maps.app.goo.gl/tQVjURPEohpSpkQQ6,Food & Drink,none,
Melia Vinpearl Quảng Bình,"Meliá Vinpearl Quảng Bình is a luxurious 5‑star hotel overlooking the Nhật Lệ River in the heart of Đồng Hới. Its prime location offers easy access to markets, city landmarks, and the beach, with the airport just a short drive away. The hotel features spacious rooms and suites with river or city views, modern amenities, and elegant decor. Guests can enjoy an indoor heated pool, spa, fitness center, and on‑site dining. With attentive service and premium facilities, it’s an ideal choice for both leisure and business travelers visiting Quảng Bình.","Quách Xuân Kỳ, Đồng Hải, Đồng Hới, Quảng Bình 47000, Vietnam",842323900888,,https://www.melia.com/en/hotels/vietnam/quang-binh/melia-vinpearl-quang-binh?utm_campaign=google&utm_content=5766&utm_medium=organic&utm_source=directories,17.46592067,106.6265348,https://lh3.googleusercontent.com/p/AF1QipOAeE17q_YCD1xLs4_GAp81-Zww68BNYexOxivK,,,4.9,2434,https://maps.app.goo.gl/3kCX5m3QRiXkZBd5A,Accommodation,affiliate,https://www.agoda.com/partners/partnersearch.aspx?pcs=1&cid=1945129&hl=en-us&hid=5663774
Mia's House,"Mia’s House is a charming and cozy homestay nestled in Bảo Ninh, just a short distance from downtown Đồng Hới and Nhật Lệ Beach. The property features three well-appointed bedrooms—with options including double, twin, or dorm—comfortable for up to 12 guests. Free Wi‑Fi, air-conditioning, daily housekeeping, and a tranquil garden with BBQ facilities add a homely and welcoming feel. Visitors often praise the friendly hosts, thoughtful touches like snack bar service, shuttle options, pet-friendliness, and its peaceful yet convenient location for both beach days and exploring Phong Nha.","91 Nguyễn Thị Định, Đồng Dương, Đồng Hới, Quảng Bình 510000",,,,17.4723643,106.6324095,https://images.trvl-media.com/lodging/25000000/24420000/24417800/24417770/32c827ab_z.jpg,https://lh3.googleusercontent.com/p/AF1QipO6zNEmMEsGaWfCmrFSo5LCJhH2LwCK5kuHe20K=w1920-h1080-k-no,,4.5,8,https://maps.app.goo.gl/MSZBnjCqFXc7Ediv5,Accommodation,affiliate,https://www.agoda.com/partners/partnersearch.aspx?pcs=1&cid=1945129&hl=en-us&hid=16217457
Mộc Hoa Viên/Restaurant,"Mộc Hoa Viên is a charming riverside restaurant in Đồng Hới, offering beautiful views of the Nhật Lệ River. The restaurant features a garden‑style setting with open-air seating, perfect for enjoying fresh air and river breezes. Specializing in seafood, the menu includes dishes like grilled squid, prawns, fish hotpot, and seasonal specialties prepared with local flavors. With its relaxing atmosphere and friendly service, it’s a popular choice for both locals and visitors looking for a scenic dining experience.","H7J4+V29 Moc Hoa Viên Chày Lập, Phúc Trạch, Bố Trạch, Quảng Bình, Vietnam",84914882993,,,17.58236549,106.2551269,https://lh3.googleusercontent.com/gps-cs-s/AC9h4nrlAsP9uAdLnoU-M8P-TW1a5YpiQKzDy-9eGR6N9yjZSGUxneOYycUs1cjuga1fyuMrroZJYHjE9VKaiOU_DOF3txH-Gp8dF4vDS79J0z4gKqxnOJe-Hlt7qKEK9J8guedUjP_J,,,4.9,61,https://maps.app.goo.gl/UQREaYPyJynLrfw27,Food & Drink,,
Mộc Nhiên Quán,"Mộc Nhiên Quán is a serene vegetarian restaurant set amid lush greenery on the outskirts of Phong Nha, offering peaceful ambiance and wholesome local cuisine. The menu features traditional vegetarian dishes such as sour rib hotpot, fermented crab noodle soup, tamarind-pickled beef salad, and garlic-flamed eggs—each prepared with distinctive Vietnamese flavors. It’s ideal for visitors seeking light yet flavorful meals in a relaxed, natural setting with capacity for groups and private gatherings. The atmosphere is calm and welcoming, making it a great choice for enjoying healthy, authentic cuisine away from the bustle.","thôn 1, Bố Trạch District, Quảng Bình",+84 818 952 281,,,17.6434574,106.2621512,https://lh3.googleusercontent.com/gps-cs-s/AC9h4noAxyGVMJ20M0-gH6dqr30W_cyHV18plwBDmI9tKTHX62VeBYqdSNCmoRvOJFVqgybUUjfnpRKpk6im8i2QAqPKrmosQscV1ULvxkkTT__FbmdFHDtKYllljuzq8-oMDCS0_m-hTA=w1920-h1080-k-no,https://lh3.googleusercontent.com/p/AF1QipNI7e4hXpMGPbsxCAPKQKPrKVmf67580WMLwdDC=w1920-h1080-k-no,,4.6,29,https://maps.app.goo.gl/ujJ1SiZbi3zatHUE7,Food & Drink,none,
Monkey Bridge - Cuong Rung Farm,"Monkey Bridge – Cuong Rung Farm is a rustic countryside attraction near Phong Nha that offers visitors a taste of rural Vietnamese life. The highlight is its traditional wooden “monkey bridge” crossing a calm river, perfect for photos and a bit of fun. The farm also features gardens, animals, and peaceful walking paths, making it a relaxing stop for families and nature lovers. It’s a great place to enjoy fresh air, try local food, and see authentic village life up close.","Bồng Lai, Bố Trạch District, Quảng Bình",+84 969 013 681,,,17.5860329,106.3481038,https://lh3.googleusercontent.com/p/AF1QipOHJ4IBq0gb12yjsA9MJQK6pmi5Avs1LESthk-d=w1920-h1080-k-no,https://lh3.googleusercontent.com/gps-cs-s/AC9h4nqiSv7BldQbQ0hIehZ-Zaonwfej6z7yPM0f6kzKkn9G1iNnu28iKLn2YLN0qg9522oE3nht5z7rT5KyBHH1dwfaMQE5MtxVLbSXXBYXIT88FFBOUNfVzmQtfNKPe_N0zg5KTbE=w1920-h1080-k-no,,4.9,1032,https://maps.app.goo.gl/JN1JgZTERnShMxaG8,Attraction,none,
Nam Long Plus hotel,"Nam Long Plus Hotel is a friendly, family-run hotel in Đồng Hới, just a short walk from the Nhật Lệ River, the beach, and the city center. The hotel offers comfortable, air‑conditioned rooms with views of the city, river, or sea. Guests can enjoy free Wi‑Fi, parking, and bike rentals, as well as helpful services for booking tours to Phong Nha and other attractions. With its central location and warm hospitality, it’s a convenient and budget‑friendly choice for travelers.",28A Phan Chu Trinh,+84 918 923 595,,,17.4783081,106.6231399,https://lh3.googleusercontent.com/gps-cs-s/AC9h4np39FXXVrx4Nm-Tu8PfuAzfT2LqALxMZJSTtXvwNookYMnFrP5-cRsKD0iZqbLh2TZoBmID2Clkdl9AmTEu_6IL8955YeIzbenlUPWXR8qtjs6Xqxbs44a1IU4afjNha_JL4fgmRA=w1920-h1080-k-no,,,4.5,339,https://maps.app.goo.gl/hJvcwVds3q1XhFeY6,Accommodation,affiliate,https://www.agoda.com/partners/partnersearch.aspx?pcs=1&cid=1945129&hl=en-us&hid=546528
Nava Hotel & Resort,"Nava Hotel & Resort is a stylish beachfront retreat located just steps away from the soft sands of Nhật Lệ Beach in Đồng Hới. The resort combines a seven-story hotel tower with spacious bungalows and villas nestled around tropical gardens and a sparkling outdoor pool. Guests can enjoy modern air-conditioned rooms with private bathrooms and terraces overlooking the pool or sea, and savor local and international dishes at the on-site restaurant and bar. With amenities like free Wi‑Fi, complimentary parking, daily housekeeping, a 24-hour front desk, and easy access to Phong Nha tours, it’s a smart and comfortable pick for beach lovers and cave explorers alike.",165 Trương Pháp,+84 232 3889 999,,http://navahotelquangbinh.com/,17.4907169,106.626684,https://lh3.googleusercontent.com/gps-cs-s/AC9h4npGoJn4brA-TUkgq0gWlI3UpriUyj5TzFdiN0Pnm6n9aNQ971lStI7_tuGkIdP0BpnV1h-9X8GNEv5-rlkXrbGbyp5KKfl6f2Vg4D-fZaGRw2KU-8UPRmZ6opIESAABnl2CtfG0=w1920-h1080-k-no,https://lh3.googleusercontent.com/gps-cs-s/AC9h4npivSMFI80v7giLaBZgNNCB6M1gxaRqLgGn7fJeLgefkrk5-ivtAu3UizZOODhKtjYGFvJnCjAj2Iqy5P5IahLx1ePc6mSsjPeOjMeBE5jGKWsxOABSodk8WegUuKxQbXLW4FC23w=w1920-h1080-k-no,,4.8,30,https://maps.app.goo.gl/NbseGTa6mfcsfbkh8,Accommodation,affiliate,https://www.agoda.com/partners/partnersearch.aspx?pcs=1&cid=1945129&hl=en-us&hid=73954815
Nem Lụi - Bún Thịt Nướng LyLy 1,"Nem Lụi – Bún Thịt Nướng LyLy 1 is a popular local eatery in Đồng Hới, known for its delicious grilled pork dishes. Their bún thịt nướng features tender grilled pork served over fresh vermicelli noodles with herbs, peanuts, and a flavorful dipping sauce. The signature nem lụi—pork skewers grilled over charcoal—offers a smoky, fragrant taste that’s perfect for sharing. With generous portions, quick service, and a lively local atmosphere, it’s a must‑try for visitors wanting authentic Quảng Bình flavors.",124 Đường Hai Bà Trưng,+84 911 027 373,,,17.4706078,106.6170077,https://lh3.googleusercontent.com/gps-cs-s/AC9h4nr619VT-5GFA5mRKJbi5cwZ2Ma_6FEN1p2-yg-HyWzmkzKXmbawsLUN402GH3cwvOB0jCztIKZeVYeCCZGtn4cYrcOMSdZRvQHH7gbvc45zOwV_S61tDVQNysgLLmcL_JDbU1zqaA=w1920-h1080-k-no,https://lh3.googleusercontent.com/p/AF1QipOIUvp9rLiKiTWrTyeo1pjydgxjLdnGkyp80Tj3=w1920-h1080-k-no,,4.4,33,https://maps.app.goo.gl/PJjNKw3wgVjoz2xT8,Street Food,none,
New Beach - OVAN,"New Beach – OVAN is a relaxed beachfront guesthouse in Đồng Hới, offering direct access to a long, quiet stretch of sand just a few minutes’ walk from Nhật Lệ Beach. The property features simple but comfortable rooms and family suites with air conditioning and private bathrooms, many with garden or sea views. Guests can enjoy a small sun terrace, beachside lounging, and a peaceful garden setting. With free parking, friendly service, and a convenient location close to the river and downtown, it’s a great low‑key option for those looking to unwind near the coast or travel onward to Phong Nha.",18 Nguyễn Hoàng,+84 966 709 333,,https://www.ngoinhakhoedep.vn/newbeach,17.5025194,106.616992,https://lh3.googleusercontent.com/gps-cs-s/AC9h4nqORenMGz4lC1T4Jddbwop-jj1pBMMV1TkTDdhcNAp_8y1ts2D7IU_fWQw6kAeR3KII8tcxWkHdwgFApJnpdmS0E8s07k4uapm7b1JIavRAHXKCEa3aqO8Up_ZjQUUce8fwafbo=w1920-h1080-k-no,https://lh3.googleusercontent.com/p/AF1QipO_ejaRQaQkSlWv4-JlWB_Ca7qBhRUpKk3lhGMb=w1920-h1080-k-no,,4,1,https://maps.app.goo.gl/3r1mownmunAabHTR9,Accommodation,affiliate,https://www.agoda.com/partners/partnersearch.aspx?pcs=1&cid=1945129&hl=en-us&hid=71446777
Newlife Homestay( thiện tâm homestay),"NewLife Homestay (Thiện Tâm Homestay) is a vibrant yellow-and-red Hoi An–inspired retreat situated right on Trương Pháp Street, just steps from Nhật Lệ Beach. The homestay features modern, air‑conditioned rooms including double, family, and triple layouts, many offering garden or beachfront views. Guests can enjoy a small outdoor restaurant and terrace overlooking the sea, and evening BBQ options in a relaxed, friendly setting. With free Wi‑Fi, complimentary parking, helpful hosts, and organized bike/moped rentals, it’s an inviting and convenient choice for travelers seeking a beachside stay with local charm.","Trương Pháp, Bắc Lý, Đồng Hới, Quảng Bình",+84 338 720 228,,,17.4995865,106.6223292,https://lh3.googleusercontent.com/p/AF1QipN04NVtH3SAIntwOaoC2JFaE7F1GVqh34T6EbdB=w1920-h1080-k-no,https://lh3.googleusercontent.com/p/AF1QipPfAAS8f6K47-XYO6ZkxL2TZYje6m4DVnCAFn6G=w1920-h1080-k-no,,4.1,51,https://maps.app.goo.gl/fyfXAYa7s5X7pUfc8,Accommodation,affiliate,https://www.agoda.com/partners/partnersearch.aspx?pcs=1&cid=1945129&hl=en-us&hid=61734849
Nguyen Shack Retreat,"Nestled on a peaceful lake at the edge of the forest near Phong Nha, Nguyen Shack Retreat offers a tranquil escape in rustic private bungalows surrounded by nature. Yoga and meditation classes overlook serene water views and wooded hills, making it an ideal retreat for mindfulness and recharging. Guests enjoy an outdoor pool, bicycle rentals, and locally-inspired Asian meals served on-site, all with warm, attentive service. Located just a short drive from Phong Nha's famous caves, this retreat blends natural beauty, thoughtful design, and a relaxed rural atmosphere.","Cù Lạc 2, Bố Trạch District, Quảng Bình 511862",+84 966 551 103,,http://nguyenshack.com/,17.600623,106.3288853,https://lh3.googleusercontent.com/p/AF1QipOlpaEJq0NncDY2y3xgy7sxu0Qfma7pdikcO26G=w1920-h1080-k-no,https://lh3.googleusercontent.com/gps-cs-s/AC9h4npmkHe-w6TZ4y6VnOUE4hipPmVAMzcw98M3D0Y8C7bKlHVGpf_pM1SUmM8S2VQ1QiJfwF0iwlTHLXYKF9QtVE7h3V1us73sLEn2nd8EMQwyueBhKXezGjcsT2f3670RINoCsOmB=w1920-h1080-k-no,,4.8,431,https://maps.app.goo.gl/dQbfps8fhVzewxEW9,Accommodation,affiliate,https://www.agoda.com/partners/partnersearch.aspx?pcs=1&cid=1945129&hl=en-us&hid=46063426
Nhà hàng Bình Thiên Đường,"Nhà hàng Động Thiên Đường sits just outside the entrance to Paradise Cave in Phong Nha–Kẻ Bàng National Park. It offers a spacious, rustic dining setting surrounded by lush forest views—perfect for enjoying a meal after cave exploration. The menu features hearty Vietnamese dishes inspired by local flavors, including grilled meats, fresh vegetables, and regional specialties. With accommodating service and proximity to the cave site, it’s a convenient—and satisfying—stop for travelers exploring the area.",Đường Hồ Chí Minh - Nhánh Tây,+84 917 127 444,,https://www.facebook.com/bop.binh.547,17.5814208,106.2545996,https://lh3.googleusercontent.com/p/AF1QipPn8A3NRcBY-mcoFJgfd7GCWQdQp4oy3lao2fUc=w1920-h1080-k-no,https://lh3.googleusercontent.com/gps-cs-s/AC9h4nqVZGzo3HKuE8r4yx-yjgPWGbe4GasJK-TUcODTOe9xX3aOFnweiDVbRVEi0kx6SV4vip_DTR1f-S0JmPekBarULqAfweAkIJ9bbEVHmORNwbgRvfRUVDW6rUQFVT0w-8nC-gzgwjMNLTjl=w1920-h1080-k-no,,5,8,https://maps.app.goo.gl/Ah6maPk5F97u8J7u6,Food & Drink,none,
Nhà hàng Chang My,"Nhà hàng Chang My is a friendly, family-run restaurant in Phong Nha, known for its generous portions and home‑style Vietnamese cooking. Open throughout the day, it serves a variety of regional dishes including rice plates, noodle soups, and grilled meats. The casual setting and welcoming service make it a comfortable stop for both locals and travelers looking for a hearty, authentic meal.","H7H3+JQR, Hồ Chí Minh Tây",+84 917 065 171,,,17.5791218,106.2544042,https://lh3.googleusercontent.com/gps-cs-s/AC9h4nrxvRC04MvnjbELFmqiYX8CmJFWGmedVd4h-kbvrMtkSc10B0XhCjG0ZeKtJJ7XBI-JNV16Uup6leh9l49oFDwkrramimOQh2WcJbM62vPHiLSbmhXCYywn4hmi5zSm84NabgxrvA=w1920-h1080-k-no,https://lh3.googleusercontent.com/gps-cs-s/AC9h4noZ_Z2QTAfnmZ9DgZkGpZYLv8AAtui9XFdjZf_LO6QNP2pAYPC6BN-czZRFNkRn3kTQoOxeuuKJu2PFDftWJYUpZr8aCMFfb1L6NqgO402eJqBw5s9Ywbl41iU3ygnKgcoFyVM-=w1920-h1080-k-no,,3.8,33,https://maps.app.goo.gl/huWKdnjNEkxFzjnC6,Food & Drink,none,
Nhà hàng Khánh Thuỷ,"Nhà hàng Khánh Thủy is a friendly, family‑run restaurant located in Sơn Trạch, close to many of Phong Nha’s main attractions. The menu features fresh, locally sourced ingredients with standout dishes such as river fish, grilled meats, and seasonal vegetables. Known for its warm hospitality and relaxed setting, it’s a popular stop for both locals and travelers. Its convenient location makes it an ideal place to enjoy a hearty meal after exploring the caves or countryside.","QL15, thôn Chày, Bố Trạch, Quảng Bình 510000",+84 818 320 999,,,17.5882582,106.2587685,https://lh3.googleusercontent.com/gps-cs-s/AC9h4nqJYn6fb_PVJqGC3RcOccScqn0zX0BmZBC1uHbEsB9ys9mk5Kk8xCQh3jYfdzlOaLA5war97lGqUkZQ3Bn0XcuSmK3u0KO0zsuAZfn6QFfKmMJnkNfoIOrgeuA9iSjbsyzmSQqN=w1920-h1080-k-no,https://lh3.googleusercontent.com/gps-cs-s/AC9h4nr8r9gGIkRs_DVpsZdio1ft3zHcJ9c8C3ViY-7xr1IptYuALtuzEW5CSp29u_M0P5KsMTus711tqJDlfMOunpNm6YxrqD-jDxdnclXsqIO2O25kS3wqtelwaDrq9THF7WMvtF_e=w1920-h1080-k-no,,4.1,122,https://maps.app.goo.gl/waw3zKr3SWwyw2sS7,Food & Drink,none,
Nhà hàng Mộc Hoa Viên,"Nhà hàng Mộc Hoa Viên is a riverside seafood restaurant in Đồng Hới, offering scenic views over the sparkling Nhật Lệ River. The setting evokes traditional Vietnamese charm with garden-like décor, clay‑roofed structures, and open terraces. The menu centers on fresh seafood—such as live squid, grilled shrimp, fish hotpots, and salt‑and‑chili prawns—prepared with local flavors and seasonal ingredients","FJ3Q+2F4, Hà Thôn, Đồng Hới, Quảng Bình",,,,17.4525088,106.6386962,https://lh3.googleusercontent.com/gps-cs-s/AC9h4nplKfnL9b5_DDvv-jVYGaiKZ-GxdE8y7jUKwLtyJNmGQvA7GyTlW-aDYpOnVt1MKtOrlJPvhsj5ZAwr_X1F-Ahq6IxJKF2Y27wqBLSzmmUkpXgJ4uV5xQFPZvOak-tsqB2YmWlE0Q=w1920-h1080-k-no,https://lh3.googleusercontent.com/gps-cs-s/AC9h4nphYUV1BixZfi21c0z0UyIwF68YzF7YJEpWXUNq6V_MZrjmmxilqA2vfxtAves_S9dE4wjbLaUoH2c2UytDlST1IAzC3Q0BmSVgo2AOWKdsmia2BJDuZc4sDUF8yf4JyqKUXkEf=w1920-h1080-k-no,,4.6,27,https://maps.app.goo.gl/PXr7oXQns7ZWGREV7,Food & Drink,none,
Nhà Hàng Ngà Danh,"Nhà Hàng Ngà Danh is a cozy family-style restaurant tucked away in a riverside hamlet just a few kilometers from Phong Nha town. The menu features a variety of Vietnamese comfort dishes—like clay-pot fish, spicy tamarind soup, and fresh noodle bowls—plus seasonal seafood specialties caught locally. With garden seating shaded by bamboo and lanterns, generous portions, and friendly local service, it offers an inviting and authentic culinary experience. Ideal for travelers seeking traditional flavors in a peaceful, village atmosphere.","Thôn, Kim Bảng, Minh Hóa, Quảng Bình, Vietnam",,,,17.77726451,106.0046817,https://lh3.googleusercontent.com/p/AF1QipNUxcwmfQClh8daZxkylyN31mM5mgbelsx-nWSM,,,5,2,https://maps.app.goo.gl/qDbrgzAFRCqXFv1X9,Food & Drink,none,
Nhà Hàng Phương Nam II,"Nhà Hàng Phương Nam II is a popular family-style restaurant located in Đồng Hới, offering a warm and casual dining experience. The menu highlights central Vietnamese cuisine, featuring specialties such as grilled seafood, flavorful noodle soups, rice plates, and fresh salads. Known for generous portions, fair prices, and attentive service, it’s a trusted spot among locals and visitors alike. With indoor and outdoor seating and a welcoming atmosphere, it makes for a satisfying stop either before heading out to explore or for winding down after a day’s adventure.",Hang Tối Chày Lập,+84 915 519 819,,https://www.facebook.com/NhaHangPhuongNam2,17.5779094,106.2542572,https://lh3.googleusercontent.com/gps-cs-s/AC9h4nrMDInVLGNKhgixcP8OVYB-ub6QiDhHo1oYbvmpVVk5YCcScWgDB_Z1fBLGoe0oKGEetjaZEw59SGdUp55wc_Opb3hD4IRFZCv_LvSEw3BCt3WYjiRvs_7Oomb1Cuy1qaiK9gft=w1920-h1080-k-no,https://lh3.googleusercontent.com/p/AF1QipObLrRsrtCeq6-UsW4IOihXGyvgikqEwaWyal3J=w1920-h1080-k-no,,3.9,365,https://maps.app.goo.gl/X2jkk5ewmtJoCU1N8,Food & Drink,none,
Nhà Hàng Vườn Anh Tuấn,"Nhà Hàng Vườn Anh Tuấn is a charming, family‑run restaurant in Sơn Trạch, just outside Phong Nha town. It specializes in authentic Vietnamese countryside cuisine, with popular dishes like river fish in ginger sauce, tamarind crab, and fresh seasonal vegetables. The atmosphere is warm and rustic, with generous portions and friendly service. It’s a favorite stop for travelers looking to enjoy traditional flavors in a peaceful garden setting.","H7H3+QV7, Phúc Trạch, Bố Trạch, Quảng Bình",+84 944 648 135,,,17.5794125,106.2546678,https://lh3.googleusercontent.com/gps-cs-s/AC9h4nqsQZCetAkhb4gpV6B7IwfsuGyKBMtVblPQx-vEnvRUjEGVbOxO9Kgtv6vwYUvaopJpEVxKLTuWYFbY1mE2anA_NOgmJkVlQqS8KUrTD0TsA-by7cznNWzVHGhfnlIVEALXTvKSk3Uz--oS=w1920-h1080-k-no,https://lh3.googleusercontent.com/gps-cs-s/AC9h4npbkTHEKZJJ2H0HSF-V17HnEhd6zGqcvht2s4alvCwoR8lxpfPXktNRIpycDObOwGrgCk98K2_lkG_0WNbgLQ9BJHmJQJ6t4WF7Ifcx1KV0GmSMJBKujbngmw8t8ez8RVuKhqEcyw=w1920-h1080-k-no,,4.5,120,https://maps.app.goo.gl/utmtjxXuSeWkXgqG7,Food & Drink,none,
Nhà nghỉ Đồi Sim,"Nhà nghỉ Đồi Sim is a simple, welcoming guesthouse nestled near rural landscapes just outside Phong Nha town. It offers comfortable private rooms equipped with air‑conditioning, clean bathrooms, and basic amenities for a restful stay. Guests enjoy a peaceful garden setting surrounded by countryside views, and often benefit from friendly service, bike rentals, and local advice from the host. It’s a quiet, budget‑friendly choice for travelers seeking a rural escape while exploring the caves and trails of Quảng Bình.","H7J3+4P8, QL15",+84 357 261 779,,,17.5808536,106.2541923,https://lh3.googleusercontent.com/gps-cs-s/AC9h4nqYz8WFRWAznGIWiqOlzRY6NgRP6UcvYDOBD__BA0WAJhWIU9Iw9ehMjdr0Jt530RFFSjs2yzeiffwhoZCQFoVTCZpt4af7CLEOySgoVVpmof5T5OVxU5w8FNjExVKZaRMbF-sQ=w1920-h1080-k-no,https://lh3.googleusercontent.com/p/AF1QipN3b9VXuqhqP0QPlXVB_EbUYeJ8Tl2SY7ZOkzSd=w1920-h1080-k-no,,4.4,12,https://maps.app.goo.gl/889y8s9FwYapor8X9,Accommodation,none,
Nhà vườn Thuyền Trưởng (The Captain's Garden House),"The Captain’s Garden House is a charming garden homestay tucked just outside Phong Nha town, offering a peaceful retreat surrounded by greenery. The property features cozy riverside bungalows and private rooms with balconies or terraces overlooking lush gardens and tranquil water views. Guests can enjoy leisurely outdoor seating with hammock spots, local meals served family‑style, and lush paths amid tropical plants. Welcoming hosts, bike rentals, and a friendly atmosphere make it a warm and relaxing base for exploring caves and countryside just minutes away.",Điện Biên Phủ,+84 847 399 999,,,17.4487466,106.6409599,https://lh3.googleusercontent.com/p/AF1QipOEOac9OZTpeijtX4bkzrUtzYxYL6RqgPhDRnRO=w1920-h1080-k-no,https://lh3.googleusercontent.com/p/AF1QipOOAd-xUSuh9oJMRZxAQmsbttCo_GYErGm4CSVD=w1920-h1080-k-no,,4.4,14,https://maps.app.goo.gl/qCUhvTT9tw84CkCR8,Accommodation,affiliate,https://www.agoda.com/partners/partnersearch.aspx?pcs=1&cid=1945129&hl=en-us&hid=58279658
Oxalis Adventure Tours,"Oxalis Adventure Tours is the leading adventure company in Phong Nha, specializing in guided trekking and caving expeditions. They are the exclusive operator for world‑famous caves such as Hang En, Tu Lan, and Son Doong, offering trips that range from easy one‑day adventures to challenging multi‑day jungle treks. All tours are fully equipped with safety gear, experienced guides, and support teams to ensure both safety and enjoyment. Known for their professionalism, excellent organization, and knowledgeable staff, Oxalis provides unforgettable experiences deep in the heart of Phong Nha–Kẻ Bàng National Park.","Phong NHA, Bố Trạch District, Quảng Bình",+84 919 900 357,,https://oxalisadventure.com/,17.6005844,106.2950967,https://lh3.googleusercontent.com/gps-cs-s/AC9h4nqm6N4BDbQbXAd6qiC5Q2v4QDzhXDVdOxLmuapeXHQSEGSJpW5Kis5fO21pm73r5hu9GlB22chuLyRW0YDKk0Qb6cqZHPOulWXInmUH9gkq0VQG3t7mTNxLnPh4dLmxb5XD9CmYk66HSc0=w1920-h1080-k-no,https://lh3.googleusercontent.com/gps-cs-s/AC9h4nop9mcZjHWnZ2WQGTIp0yyva9ijBupPieDlhwh9Y2erpODb3ShRSwP8AkRkhYvTey1PEAAh_j9kpcws3YOSAWIq74qYE9veCmmQ2Xgb-q8mjpevuTberKTAvBxw9UEQsVBxIJqJ9aB-HQDo=w1920-h1080-k-no,,4.8,1034,https://maps.app.goo.gl/YTaULTHmFEB7BaLt8,Tour,none,
Phong Nha - Ke Bang National Park,"Sprawling national park in lush surrounds featuring a network of wet caves, rivers & waterfalls.",,+84 232 3677 021,,https://phongnhakebang.vn/,17.477679,106.1340395,https://lh3.googleusercontent.com/gps-cs-s/AC9h4nqi6lNhv00Nkxxihze4KSRBFwcxG_2bXnFm40H9DyEIvfPkz017rJO7kPZ9_-FYk1wugGBMR6R8-RfGGrJHhl2N7Jq8__Ki44HLZme27Q0h3XujtKrl29AbKC_6Y0ZOJcd2Cvde=w1920-h1080-k-no,https://lh3.googleusercontent.com/gps-cs-s/AC9h4nqU49zPxQbAcYZV5DUyWPrr-rlDLn-ShY9PguOG0-w8so5jRzH9docOV3lwzEFwXnfBcSmGz0v6ncJDxohP78ezYIMWE6rlOYr-cobuZvRkJ-nepXra7uT5CT7mpwRPiAS6m4T0=w1920-h1080-k-no,"cave,",4.7,785,https://maps.app.goo.gl/erQ2MnCpRGiTF3by8,Attraction,none,
Phong Nha Botanic Garden,"Phong Nha Botanic Garden is a 40‑hectare nature reserve inside Phong Nha–Kẻ Bàng National Park, about 12 km from Phong Nha town. Rather than manicured gardens, it features raw jungle terrain rich with over 500 plant species, towering ancient trees, and wildlife such as monkeys, hornbills, and colorful butterflies. Visitors can follow self‑guided trails leading to the 30‑meter Wind Waterfall and the crystal‑clear Vang Anh Lake, where swimming is possible. With scenic viewpoints, wildlife areas, and tranquil forest paths, it’s an ideal spot for nature lovers seeking an accessible jungle experience.","Việt Nam, ĐT20, Sơn Trạch, Bố Trạch, Quảng Bình",,,,17.5522499,106.3014891,https://lh3.googleusercontent.com/gps-cs-s/AC9h4noGsrfi1vRC4wNXM4R8GJ2l1AgDd2FIAF7IlChO6QFhSMdrBszzon2ruxz8bKVD6EoXHrbgXq4_JZXwUrPo22jYUJ03AyWDWKiVeger4c24OwvbZPTi3Y8GPNEtGnAA2WQRW70k=w1920-h1080-k-no,https://lh3.googleusercontent.com/gps-cs-s/AC9h4noTNrXPQV4hbCJaKqxP63bgWWgivd41a3WWdc-EFXHmCvifd_oTJRcqVMJ-12QQabvWI1dP9J89r0iGGE4esPfOQ-ZBxN1u3_kgo233bTyOxe0lP-zNmAhJQ6Rz74TIFwMnSwg=w1920-h1080-k-no,,4.4,1071,https://maps.app.goo.gl/FmsG5Jdfo5TfWm5o8,Attraction,none,
Phong Nha Dawn Homestay,"Phong Nha Dawn Homestay is a welcoming riverside retreat located just outside the center of Phong Nha town. The property offers comfortable rooms and bungalows with air‑conditioning, private bathrooms, and views of the garden or river. Guests can relax on the terrace, enjoy home‑cooked meals, and make use of free bicycles to explore the surrounding countryside. Known for its peaceful setting and friendly hosts, it’s a great choice for travelers looking for a quiet and relaxing stay near the national park.","Cù Lạc 1, Bố Trạch District, Quảng Bình, Vietnam",,,,17.61533222,106.3181083,https://lh3.googleusercontent.com/p/AF1QipNtN6RljNH6niXTsXw8pEqnSNIdcoWbRYKph-6T,,,4.9,200,https://maps.app.goo.gl/wEV5ksP1C29xXCmy5,Accommodation,affiliate,https://www.agoda.com/partners/partnersearch.aspx?pcs=1&cid=1945129&hl=en-us&hid=6412846
Phong Nha Escape Bungalow,"Phong Nha Escape Bungalow is a peaceful riverside retreat located a short drive from Phong Nha town, surrounded by tranquil gardens and mountain views. The property features cozy bungalows and rooms, many with balconies or patios overlooking the river. Guests can relax by the outdoor pool, enjoy complimentary breakfast, and make use of free bicycles to explore the countryside. With warm hospitality and a quiet setting, it’s an ideal place to unwind after exploring the caves and national park.","J89M+QX9, Phong NHA, Bố Trạch, Quảng Bình 511860",+84 975 139 140,,,17.6194093,106.3349923,https://photos.hotelbeds.com/giata/original/83/839202/839202a_hb_a_001.jpg,https://dynamic-media-cdn.tripadvisor.com/media/photo-o/1a/3f/ea/8e/phong-nha-escape-bungalow.jpg?w=2100&h=1400&s=1,,3.9,142,https://maps.app.goo.gl/FnJKP6HhJZ1LB4iB8,Accommodation,affiliate,https://www.agoda.com/partners/partnersearch.aspx?pcs=1&cid=1945129&hl=en-us&hid=7346720
PHONG NHA FAMILY RESTAURANT (NHÀ HÀNG GIA ĐÌNH VIỆT NAM),"Phong Nha Family Restaurant is a charming, family-run eatery located inside the Phong Nha–Kẻ Bàng heritage area, favored by both locals and travelers. The diverse menu features authentic Vietnamese dishes—from pho and spring rolls to banh mi, stir‑fried noodles, and fresh seafood—each prepared with flavorful regional herbs and a renowned homemade peanut sauce. Generous portions, vegetarian-friendly options like tofu and aubergine, and set menus ensure great value and variety. Friendly staff, indoor and outdoor seating, a relaxed garden space, and amenities like a pool table make it welcoming and convenient for an enjoyable meal after exploring the caves",Thôn 1 Cù Lạc,+84 334 046 065,,,17.6134894,106.3161763,https://lh3.googleusercontent.com/p/AF1QipNt1HpEjZwMo8dXfdW9o_3ypcMni32xSynnCv0=w1920-h1080-k-no,https://lh3.googleusercontent.com/p/AF1QipOuS45IluClGJB_jKJ3QfHnzThbS8zXhTHm-HQ=w1920-h1080-k-no,,4.8,511,https://maps.app.goo.gl/H6RZuCGgnVfcg7ro6,Food & Drink,none,
Phong Nha Farmstay,"Phong Nha Farmstay is a boutique countryside retreat set among rice paddies and limestone mountains, about 10 km from Phong Nha town. The property offers rustic yet comfortable rooms with air‑conditioning, private bathrooms, and beautiful views of the surrounding farmland. Guests can relax by the swimming pool, enjoy sunset drinks, explore the countryside by bicycle, or take part in local tours arranged by the friendly staff. With its peaceful rural setting and warm hospitality, it’s an ideal base for both relaxation and adventure.",1 Km East of Ho Chi Minh Highway,+84 917 910 055,,https://phongnhafarmstay.com/,17.6244259,106.3852997,https://lh3.googleusercontent.com/gps-cs-s/AC9h4np4ltHujirgTqI4t_Q4tKkHcRU33c69LKUgEw4JGvhtPLF8QNm-_oZrAHHa4XWz9VrWWUWdwIBuQcXBGshxBsasxeGgV4dOwYiMlwb8ym-BvSmy3byHoDFztO1zVAZiuucBhtg=w1920-h1080-k-no,https://lh3.googleusercontent.com/p/AF1QipPNCb8fYFYODQ7ZuKYdlMWNY5xp33fHGDA76KLg=w1920-h1080-k-no,,4.7,667,https://maps.app.goo.gl/RLM1uYYJ2WVNzJUC7,Accommodation,affiliate,https://www.agoda.com/partners/partnersearch.aspx?pcs=1&cid=1945129&hl=en-us&hid=5860508
Phong nha funky beach,"Phong Nha Funky Beach is a rustic riverside spot just a short drive from Phong Nha town, set within a grove of bamboo and overlooking calm river waters. This unique destination blends relaxation with fun — visitors can wade, swim, paddle basket boats, try rope swings or balance across simple “monkey bridges” over the water. With sand banks, riverbank swings, and deckchairs inviting sunset watching, it’s a scenic game playground perfect for families and adventurous travelers. Often busy between late afternoon and sunset, the upbeat yet tranquil vibe makes it a memorable spot to unwind after cave tours or jungle trekking.","Cổ Giang, Bố Trạch District, Quảng Bình, Vietnam",84877712233,,,17.62395531,106.3520604,https://lh3.googleusercontent.com/gps-cs-s/AC9h4nr_ZU7GlkG7CXn1QyamWvCRHdW7sIYtUsGvl-88FgsPCHFm928rBVwZ4Ae-bwLalp_weKG4r5h_vHPRYIQL2nTeejQr1N6P9n-H3EKVPjtucZtYjM8lise5UUzs1MMaaepY1sFy,,,4.8,127,https://maps.app.goo.gl/yNDgJoRdrFGtqrVK7,Attraction,none,
Phong Nha green riverside city,"Phong Nha Green Riverside City is a peaceful riverside guesthouse with beautiful views of the Son River and surrounding limestone mountains. The rooms are bright and comfortable, with balconies or terraces overlooking the gardens or river. Guests can relax on the outdoor terrace, enjoy home‑cooked meals, and take advantage of bike rentals for exploring the countryside. Its friendly atmosphere and excellent location make it a perfect base for visiting the caves and natural wonders of Phong Nha.","J89M+MM, Sơn Trạch, Bố Trạch, Quảng Bình",,,,17.6192425,106.3342258,https://lh3.googleusercontent.com/gps-cs-s/AC9h4npeNJy--9rS4TGkt4UvYtXh2MlpaFMXEMAftdxmF8DqEQouIndpxAgJv3JfPJPrqRK0AkaWW86ZH9EYrJTi-k1vldnDkyLCaRo_tCLofjKMhI_ll1UswNQ_or5iaZSrxBd8Bzdn=w1920-h1080-k-no,https://lh3.googleusercontent.com/gps-cs-s/AC9h4noolQGJelPsliM3q8geq7Jiifs_Cazw1Ok_yfOOGg74URweClBWmJFW5KosPvsTwC1KewRyZG9WeZelP-cMJHzP8jNy0_NEvN7OVror-ImeHhQoDZK9VogsqWPDJ9xebqxek-w=w1920-h1080-k-no,,5,2,https://maps.app.goo.gl/PXzQyGf2nnKTmAfr7,Accommodation,none,
Phong Nha Mountain House,"Phong Nha Mountain House is a peaceful, family‑run retreat set just outside Phong Nha town with views of lush hills and gardens. The property features cozy wooden stilt cabins with balconies, large windows, and comfortable interiors equipped with air‑conditioning and private bathrooms. Guests can enjoy a tranquil garden terrace, complimentary breakfast, and free bicycles for exploring the surrounding countryside. With warm hospitality and a quiet rural setting, it’s an ideal base for relaxing between cave adventures.","ĐT20, Sơn Trạch, Bố Trạch, Quảng Bình",+84 399 187 375,,https://www.facebook.com/profile.php?id=100089513217468&mibextid=LQQJ4d,17.5945339,106.2868804,https://images.trvl-media.com/lodging/39000000/38930000/38929600/38929567/b4166eb7_z.jpg,,,4.8,60,https://maps.app.goo.gl/oA9HgzwmFgWKF1Q98,Accommodation,affiliate,https://www.agoda.com/partners/partnersearch.aspx?pcs=1&cid=1945129&hl=en-us&hid=2607503
Phong Nha Palafita Bungalow,"Phong Nha Palafita Bungalow is a tranquil countryside retreat surrounded by rice fields, just a short ride from the center of Phong Nha town. The property offers spacious bungalows with balconies overlooking the mountains and paddies, along with a peaceful outdoor pool for relaxing after a day of exploring. Guests can enjoy fresh home‑cooked breakfasts, use free bicycles to explore the countryside, and take advantage of warm, attentive hospitality from the hosts. With its scenic location, comfortable rooms, and laid‑back atmosphere, it’s an ideal base for a quiet stay near the national park.","Cổ Giang, Phong NHA, Bố Trạch, Quảng Bình, Vietnam",84382479313,,,17.61175655,106.3486905,https://lh3.googleusercontent.com/p/AF1QipPgrI9SGEvF2OfguGwSxzCjgITl6SIyFNYUq_Q7,,,4.8,151,https://maps.app.goo.gl/XfwVGSNxBCZXiw1d6,Accommodation,affiliate,https://www.agoda.com/partners/partnersearch.aspx?pcs=1&cid=1945129&hl=en-us&hid=6425077
Pub with cold beer,"Pub With Cold Beer is a rustic riverside spot hidden in the Bong Lai Valley, a short ride from Phong Nha town. It’s famous for serving ice‑cold beer and farm‑fresh grilled chicken with homemade peanut sauce. Visitors can relax in hammocks, play a game of pool, or cool off in the river while waiting for their meal. With its laid‑back atmosphere, simple local food, and scenic countryside setting, it’s a must‑visit stop for travelers exploring the valley.","Hưng Trạch, Bố Trạch District, Quảng Bình, Vietnam",84397428778,,,17.59835405,106.3635971,https://lh3.googleusercontent.com/gps-cs-s/AC9h4no-2b7Of4-ejtxAbmps59vqCpXosANJP42TSdJUMuOXr-gz5S-J6WkiuHbkCHyHkyLSZgftSzMGCEqACTjmKZ6iNyTMxhu5hqSnfgnWrrcfpqkoUvVPw3BQ8PS5eR7047z0HmvPMg,,,4.5,300,https://maps.app.goo.gl/3MZpAqYdxHZs41K49,Food & Drink,none,
Quán Ăn 86 Tâm Thịnh Popular restaurant,"Quán Ăn 86 Tâm Thịnh is a beloved local eatery located on Trường Chinh Street in Đồng Hới, known for its affordable, generous family-style portions. The menu features grilled and stir‑fried dishes, crispy-fried seafood, savory noodle soups, and seasonal specialties using local ingredients. The lively casual setting and friendly service make it a favorite among both locals and visitors looking for authentic, hearty Vietnamese flavors. It’s especially popular for dinner groups, casual gatherings, and dishes served on communal platters.","H7M4+WFQ, xóm Chày, Bố Trạch, Quảng Bình, Vietnam",,,,17.58529431,106.2561847,https://lh3.googleusercontent.com/p/AF1QipM9Y4wBdzQ7iYhQvoj31N_UVLHmnFSHw8Muff9E,,,4.5,16,https://maps.app.goo.gl/jTjwynTkYJbm6FCb7,Food & Drink,none,
Regal Collection House,"Regal Collection House is a stylish 4‑star beachfront property located in the Bảo Ninh area of Đồng Hới, offering beautiful views of both the sea and the river. The building features elegant Indochine‑inspired design and well‑appointed rooms, many with balconies overlooking the coast. Guests can enjoy an indoor pool, beachfront access, a fitness center, and an on‑site restaurant and bar. With its refined design, comfortable facilities, and prime location, it’s an excellent choice for travelers seeking a relaxed yet upscale stay near Phong Nha.","Đường Võ Nguyên Giáp, Bảo Ninh, Đồng Hới, Quảng Bình 47000, Vietnam",,,,17.45749905,106.6452345,https://lh3.googleusercontent.com/gps-cs-s/AC9h4nprdeUsXYCC7WYGcAgpUtS-lxPHdwCIfoD829_gPn3-n6RA4aV4FB3-Uv2IRFFN7FRJSYWUzNzuB36DDL-8pHf6uoKZXtQ35je27-oQAKpVQuJxLlfbkpEOywl9RBmaxE56ofoICA,,,4.7,242,https://maps.app.goo.gl/XsmLZbD4J9SJQq5b8,Accommodation,affiliate,https://www.agoda.com/partners/partnersearch.aspx?pcs=1&cid=1945129&hl=en-us&hid=35445329
RiverView HomeStay,"RiverView HomeStay is a peaceful riverside guesthouse located in Phong Nha village, close to the center of town. The property offers comfortable rooms and family suites, many with views of the river, gardens, or surrounding mountains. Guests can enjoy complimentary bicycles to explore the countryside, relax on the terrace, and start the day with a freshly prepared breakfast. With its quiet setting, friendly hosts, and convenient location, it’s an excellent choice for a relaxed stay near Phong Nha’s attractions.","Ngõ 93 Trương Pháp, Bắc Lý, Đồng Hới, Quảng Bình, Vietnam",84326716342,,,17.48430346,106.6262059,https://lh3.googleusercontent.com/p/AF1QipOFH1l58XFN0wV96gUpkpp-HhJKLCdMN6kND1Gz,,,4.4,143,https://maps.app.goo.gl/EucM8iAPMVKGw5486,Accommodation,affiliate,https://www.agoda.com/partners/partnersearch.aspx?pcs=1&cid=1945129&hl=en-us&hid=61453548
Rumba,"Rumba Restaurant & Bar is a stylish venue in Đồng Hới offering a refined dining and drinks experience with a relaxed atmosphere. The menu blends Vietnamese, Asian, and Western dishes, all prepared with fresh ingredients and creative presentation. Guests enjoy attentive service, a comfortable setting, and a welcoming ambiance that makes it a perfect place to unwind after a day of exploring.","FJ8G+6H3, Quách Xuân Kỳ, Đồng Hải, Đồng Hới, Quảng Bình, Vietnam",,,,17.4658626,106.6264292,https://lh3.googleusercontent.com/gps-cs-s/AC9h4nqJD_-wNlvsTyxQYr_VEXaBUgvz1ZHtqdv5KVzHVCr931w2NX6qU9Qe06bQXBQgwx0iZkC2BIstRCfbQ_U-6VKxJMmDcS7gvZZvpxLrrg0XZHz9J-M9tM_I3TgtVtJP9Qb4kK4,,,4.2,6,https://maps.app.goo.gl/NoJQYyvWHRYq1Y8A6,Food & Drink,none,
Sea Star Resort Quang Binh,"Sea Star Resort Quảng Bình is a relaxed beachfront retreat located on Quang Phú – Nhật Lệ Beach, just a short drive from Đồng Hới city center and the airport. The resort offers modern bungalows and guest rooms, many with ocean or garden views, equipped with air‑conditioning, private balconies, and comfortable amenities. Guests can enjoy multiple outdoor swimming pools, a private sandy beach with loungers, and on‑site dining with fresh seafood and local dishes. With its family‑friendly atmosphere, scenic seaside setting, and easy access to Phong Nha, it’s a great choice for combining beach relaxation with adventure.","Nhân Trạch, Bố Trạch District, Quảng Bình 510000, Vietnam",,,http://www.seastarresort.vn/,17.52984878,106.5969634,https://lh3.googleusercontent.com/gps-proxy/ALd4DhFzhwDxAfU19ksIdCTTWyqi_2Wbu96ZC9oztCOQC_tyClha_6QfILfDX70yTKAYfs5YFkjByJyPAUBMctWtWIcoUSB5vX7XL9RwQkkBeGyyoRgOKxuLJUbzcKX-vBI5Msa2nHflg8GYGErLo5-a5gWCnJ1LKMJEVtOvna_DpUCWxbrbBKnq6uqfIg,,,4,841,https://maps.app.goo.gl/iqDbRUVm1wquUJL68,Accommodation,affiliate,https://www.agoda.com/partners/partnersearch.aspx?pcs=1&cid=1945129&hl=en-us&hid=4913147
Sealand homestay,"Sealand Homestay is a charming family-run accommodation nestled in a quiet alley of Bảo Ninh, just a short stroll from Nhật Lệ Beach and Đồng Hới city center. The homestay combines classic colonial-style décor with modern simplicity and neutral tones, set amid garden greenery and flowering plants. Rooms are clean and comfortable, featuring air-conditioning and options for families, couples, or small groups. Guests frequently praise the friendly hosts, fresh breakfasts, helpful bicycle and motorbike rental service, and peaceful courtyard ambiance—making it a relaxing, affordable base for exploring local beaches and Phong Nha adventures.","Đồng Dương, Bảo Ninh, Đồng Hới, Quảng Bình, Vietnam",,,http://thuexemayquangbinh.com/,17.47698305,106.6353871,https://lh3.googleusercontent.com/p/AF1QipMNdv2Q9tO3WsCfaqKrtLRbhaGw_geI_Nz9VHh2,,,4.8,141,https://maps.app.goo.gl/6MtymM4uzBSXfpqE9,Accommodation,none,
Sun Spa Resort,"Sun Spa Resort Quảng Bình is a sophisticated beachfront resort perched on a peninsula bordered by both the pristine Bai Ninh beach and the tranquil Nhật Lệ River. Set within lush landscaped gardens spanning nearly 29 hectares, it blends classic Indochine design with modern comfort across bungalows, villas, and suite-style rooms. Guests enjoy amenities including expansive outdoor pools, a spa and wellness centre, yoga sessions, beachside lounging, and on-site restaurants—all served with attentive hospitality in a peaceful seaside setting","FJJM+3FX, Võ Nguyên Giáp, Mỹ Cảnh, Đồng Hới, Quảng Bình, Vietnam",,,https://sunsparesortvietnam.com/Rooms-Rates.html,17.48053744,106.6338305,https://lh3.googleusercontent.com/gps-proxy/ALd4DhErbA1wXuXsDJCC_C6_O0cePcA1IkyNupux6W1xK6yFqoePdQzPhpIVS9AuhxyANtKXM1oSUIJj02TaVEz3arWJVN1WLE7DUdwvTjsYoKmrMhNH6Hgk57Rbzdepg1Mm7O8q-QWTpWfxG0W7p5qR8q69Iotr2IJ7FjJEEKy1yDhcHLvLcUOXc46T,,,4.3,1810,https://maps.app.goo.gl/qPJjZoDsoDVz4ViZA,Accommodation,affiliate,https://www.agoda.com/partners/partnersearch.aspx?pcs=1&cid=1945129&hl=en-us&hid=292633
Sunflower Nhật Lệ,"Sunflower Nhật Lệ is a relaxed beachfront hostel and small resort located directly on Nhật Lệ Beach in Đồng Hới. The property offers a mix of dorms, private rooms, and family suites with air-conditioning and private bathrooms—all within easy walking distance of the sand and sea. Guests can enjoy a casual beach bar, BBQ area, billiards, bike rental, and walking tours to local sights. With free parking, friendly service, and a vibrant yet chill beachside vibe, Sunflower is a popular budget-friendly base for travelers combining sea time and nearby Phong Nha adventures.","Trương Pháp, Quang Phú, Đồng Hới, Quảng Bình 510000, Vietnam",,,http://fb.me/sunflowernhatle,17.50197118,106.6208931,https://lh3.googleusercontent.com/gps-cs-s/AC9h4noBaHix1Bj2Cpa77RmmDJe08sLTcGvox49KGDIwkH6AxBi4P2Mb40dXf72NEFs4XBf6LbFomeRjxMiq-5vtk3hQbdk7oTDSJ1XogU8A9edx4ETOVCukmC8uj2gmDwVPLaQCMkI,,,4,191,https://maps.app.goo.gl/yAj6wAjpLM9xC3nq8,Accommodation,none,
SUSHI CÔ MO,"Sushi Cô Mo is a cozy Japanese restaurant in the heart of Đồng Hới, offering a charming and intimate dining atmosphere. It specializes in sushi and sashimi dishes—such as fresh salmon, eel nigiri, and crispy tempura rolls—prepared with great care and beautifully presented. The dining space is thoughtfully designed and comfortable, making it ideal for date nights, small gatherings, or relaxing meals with family. Known for high-quality ingredients, artistic plating, and attentive service, Sushi Cô Mo is a standout choice for Japanese cuisine in the city.","14A Lý Thường Kiệt, Phường Hải Thịnh, Đồng Hới, Quảng Bình 47107, Vietnam",,,,17.47377499,106.6212358,https://lh3.googleusercontent.com/p/AF1QipPjzeucFapaXthRrZSOeuuSkMBTJLZZH6ACr9Ek,,,4.4,36,https://maps.app.goo.gl/8CVfjwsnYtq1XoL49,Food & Drink,none,
Tân Hóa Rural Homestay,"Tân Hóa Rural Homestay is an authentic village stay set in a peaceful riverside community surrounded by limestone mountains and green fields. The unique floating houses are designed to adapt to seasonal flooding, providing a safe and comfortable experience year‑round. Rooms are simple yet comfortable, with air‑conditioning, private bathrooms, and scenic views of the river or village. Guests can enjoy home‑cooked local meals, use bicycles to explore the countryside, and join guided tours to nearby caves and cultural sites, offering a genuine connection to rural life in Quảng Bình.","Q382+8X, Minh Hoá, Minh Hóa, Quảng Bình, Vietnam",,,https://brit-rail-adventures.eu/tan-hoa-rural-homestay-vietnam,17.76618688,106.0515162,https://lh3.googleusercontent.com/gps-cs-s/AC9h4nohXYM22UAjN0Whdq9osk6WJ8Zxs1zPtdvu1BxIA_cW4ccFSvMBJu8fTq04iFHS5l6egLL-NeBqNfGMKux8b2NDJxtQ5coCAne3BfvxmHnwEPiRQrOVqflaaaRRJjGL2SCJOnGaApGeT_c0,,,,,https://maps.app.goo.gl/zYhHUnGRKYY2jFRT9,Accommodation,none,
Thai Binh Street Food and Drink,"Thai Binh Street Food & Drink is a lively street-side eatery in Đồng Hới where locals and travelers enjoy authentic Vietnamese dishes at affordable prices. The menu includes a variety of central Vietnam specialties such as grilled meats, noodle soups (like chao canh), and local snacks including bánh lọc and bánh bèo—often paired with flavorful dipping sauces. The casual, open-air setup buzzes with energy over evening meal hours, making it a favorite for experiencing true local street food culture. Friendly service and generous portions make it a reliable spot for a hearty, unpretentious meal after exploring the city.","54 Nguyễn Du, Đồng Hải, Đồng Hới, Quảng Bình, Vietnam",,,,17.47737045,106.6235631,https://lh3.googleusercontent.com/gps-cs-s/AC9h4nrshDZIVlJ3EAgc44EC0pvPZJTbAc4-yv5zHAm8TR_znMxLKZaZKvfnJE0uBNjYTzlo37frNBpiJMb2YbkyEUmk-sUZazVPTUKQU7UteLYFj4wvTbm9ex1BfpJPc1TJVMwHdOjpSg,,,3.8,12,https://maps.app.goo.gl/n921x6BnaSTiXDMNA,Food & Drink,none,
Thai Hoang Villa,"Thai Hoàng Villa Quảng Bình is a modern beachside villa-style accommodation located just a few minutes’ walk from Nhật Lệ Beach in Đồng Hới. The spacious property offers 2–6 bedroom units, each equipped with air-conditioning, minibar, private bathroom, and balconies or terraces ideal for relaxing. Shared amenities include a garden lounge, rooftop terrace, BBQ area, and a communal kitchen perfect for casual meals or gatherings. With a tranquil seaside setting, modern comforts, and helpful staff—plus easy access to biking, hiking, the beach, and city attractions—it’s an excellent choice for groups or families seeking both convenience and serenity.","OTM 15.2, KĐT, Bảo Ninh, Đồng Hới, Quảng Bình 510000, Vietnam",,,,17.45412565,106.6454604,https://lh3.googleusercontent.com/p/AF1QipNUeMn5vm_z2fY5TNwaCi2Wf7JGF1QQWfQ3t9IR,https://lh3.googleusercontent.com/p/AF1QipPdTzBTLXRlUkR_ZJi-vJK49ACcq8--qFEmQWy0,,5,35,https://maps.app.goo.gl/8vHr4C2HrvxpGQ2F8,Accommodation,affiliate,https://www.agoda.com/partners/partnersearch.aspx?pcs=1&cid=1945129&hl=en-us&hid=72812625
The Duck Stop,"The Duck Stop is a fun, family‑run duck farm located in the beautiful Bong Lai Valley near Phong Nha. Visitors can feed and interact with hundreds of ducks and even try the farm’s famous “duck massage,” where the ducks gently nibble at your feet. The experience often includes a ride on their friendly water buffalo through the fields and a taste of homemade snacks like crispy Vietnamese pancakes. With its unique activities and friendly hosts, The Duck Stop is a lighthearted and memorable stop for families and adventurous travelers.","Thôn Khương Hà 3, Hưng Trạch, Bố Trạch, Quảng Bình, Vietnam",84382906262,,,17.604713,106.3656931,https://lh3.googleusercontent.com/p/AF1QipPpLLSDUnZ4OEld4FqeGaTFVvXNoZNiG58iRpr4,,,4.8,2093,https://maps.app.goo.gl/njfBtuQR2La4EKNU9,Attraction,none,
The Duck Tang Farm Quang Binh,"The Duck Tang Farm (also known as “Duck Tang”) is a charming countryside attraction located in Bong Lai Valley, just a short drive from Phong Nha. This family-run farm offers visitors the chance to feed and interact with playful ducks, stroll around the ponds and rice paddies, and enjoy a refreshing countryside atmosphere. Guests can savor simple homemade snacks and drinks served on rustic bamboo seating surrounded by greenery. With its relaxed vibe, gentle activities, and scenic setting, it’s a delightful stop for families, couples, or anyone wanting a peaceful rural break.","J98C+F29, Hưng Trạch, Bố Trạch, Quảng Bình 470000, Vietnam",,,,17.60743411,106.374118,https://lh3.googleusercontent.com/p/AF1QipMU6b_OV1E417ULK3FhJcZ_g99-9NGp5CROUFUy,,,5,1050,https://maps.app.goo.gl/GE2QPvmLcjUsoXmw6,Attraction,none,
Thien Truc Hotel,"Thiên Trúc Hotel is a modest, budget-friendly guesthouse located conveniently in central Đồng Hới, well situated for trips to Phong Nha and Hang Tối. The property features simple air-conditioned rooms with private bathrooms, flat-screen TVs, free Wi‑Fi, and minibar or refreshment options in select rooms. Guests appreciate services like 24‑hour reception, daily housekeeping, luggage storage, and assistance with booking local tours or transport. With its practical location, friendly staff, and affordable rates, it’s a reliable choice for travelers looking for basic comfort and easy access to local attractions.","J736+3XW, Phúc Trạch, Bố Trạch, Quảng Bình, Vietnam",,,,17.6029583,106.2624208,https://lh3.googleusercontent.com/gps-cs-s/AC9h4np9EJuB_XJ3N0KtpfL6g8mNAFEciFSuRa-g1Xcgwwgse0Y3jltpnLoohv2-0nd9bkvKNk96ZtQiLScFcvzfey9z_DHMdVAIVrLz5FKTETKVLcn2yo2FVkHYay_4hMz-WgpcjGOLpw,,,4.1,53,https://maps.app.goo.gl/EJ66QQEwjxCxffyFA,Accommodation,none,
Tu Lan Lodge,"Tu Làn Lodge is an eco‑friendly retreat located in the scenic village of Tân Hóa, surrounded by limestone mountains and open fields. Built with flood‑resistant designs, the lodge features a mix of hillside bungalows, floating river bungalows, and locally inspired homestays. Each room offers modern comforts such as air‑conditioning, private bathrooms, and large windows or balconies with stunning views. Guests can enjoy locally inspired meals, explore the peaceful countryside by bicycle, and use the lodge as a comfortable base for nearby cave expeditions and outdoor adventures.","Yên Thọ, Minh Hoá, Quảng Bình",,,https://tulanlodge.com/,17.7688497,106.0505181,https://lh3.googleusercontent.com/gps-cs-s/AC9h4nrcp7yatPWrkkpl2xUs2RlFgmKaIctKemubAP6wzktTo1NueasH2LzwhxdmpliQl4AEEE95znzWnoxlk5LDufTyB26hNXdNYRcmhw=w1920-h1080-k-no,https://lh3.googleusercontent.com/p/AF1QipPATBt-0_nik8gsoGbFrcDp3YYsUS5kmvygtTah=w1920-h1080-k-no,,4.8,352,https://maps.app.goo.gl/EJbZfPQABUzcG7gf6,Accommodation,affiliate,https://www.agoda.com/partners/partnersearch.aspx?pcs=1&cid=1945129&hl=en-us&hid=63917822
TuTu's Homestay Phong Nha,"TuTu’s Homestay is a modern, family‑run retreat located just outside Phong Nha town, surrounded by rice fields and karst mountains. The property offers spacious, comfortable rooms, many with balconies overlooking the countryside. Guests can relax by the outdoor pool, enjoy the garden terrace, and use free bicycles to explore nearby trails. With warm hospitality, delicious breakfasts, and help arranging tours and transport, it’s a welcoming base for exploring the national park.","Cù Lạc 1, Bố Trạch District, Quảng Bình",,,https://www.facebook.com/profile.php?id=61560455949395&mibextid=ZbWKwL,17.6159649,106.31976,https://lh3.googleusercontent.com/p/AF1QipOZHqorpSNtJTaz7Ukvuxa0bDsbJXdvSaq5Dzo4=w1920-h1080-k-no,https://lh3.googleusercontent.com/p/AF1QipNswhaVVVKdH-LxZxpMdqVJgJTp7T8Gz4c-UOIC=w1920-h1080-k-no,,5,111,https://maps.app.goo.gl/pAMP4y3piADKxrYo9,Accommodation,affiliate,https://www.agoda.com/partners/partnersearch.aspx?pcs=1&cid=1945129&hl=en-us&hid=52136496
voco Quang Binh Resort by IHG,"voco Quang Binh Resort by IHG is a luxury beachfront resort on Bao Ninh Beach, just a short drive from Đồng Hới. The property features elegant Indochine‑style suites and villas, many with private pools and views of the ocean or gardens. Guests can enjoy multiple swimming pools, a full‑service spa with sauna and hydrotherapy, a fitness center, and a kids’ club. With excellent dining options, attentive service, and a serene location, it’s an ideal choice for combining beach relaxation with adventures in Phong Nha–Kẻ Bàng National Park.","Võ Nguyên Giáp, Street, Đồng Hới, Quảng Bình",842326296666,,https://www.ihg.com/voco/hotels/us/en/dong-hoi/vdhbq/hoteldetail?cm_mmc=GoogleMaps-_-VX-_-VN-_-VDHBQ,17.4596359,106.64467,https://lh3.googleusercontent.com/p/AF1QipNbePDVEqKMzLnzKvEDLZi0Vk_RGm99UrDKtJU=w1920-h1080-k-no,https://lh3.googleusercontent.com/p/AF1QipPjeYfRCE0QA5XeB5OyjWSTzieO1IJdZsreKb8=w1920-h1080-k-no,,4.5,57,https://maps.app.goo.gl/4oLjtRCio2aQLvpX9,Accommodation,affiliate,https://www.agoda.com/partners/partnersearch.aspx?pcs=1&cid=1945129&hl=en-us&hid=64007212
Wildlife and Jungle Adventure - ECOFOOT,"Wildlife and Jungle Adventure – ECOFOOT offers an immersive eco‑tour deep inside Phong Nha–Kẻ Bàng National Park, designed for nature lovers and conservation enthusiasts. The experience begins with a visit to a wildlife rescue center, where guests can learn about local conservation efforts and see rehabilitated animals. A guided jungle trek follows, taking participants through pristine rainforest, past streams, and into areas where langurs, hornbills, and other wildlife may be spotted. The day includes a freshly prepared BBQ lunch by a waterfall before returning through the lush forest, making it a memorable and educational adventure in the heart of the park.","Phong NHA, Bố Trạch District, Quảng Bình 510000",84962606844,,https://ecofoot.com.vn/,17.6099789,106.310369,https://lh3.googleusercontent.com/p/AF1QipPSGloS-5LnWMw27ZHkqL9xkh8XT1a3rXVfoIYx=w1920-h1080-k-no,https://lh3.googleusercontent.com/gps-cs-s/AC9h4nrYELmkgWIhynQX7Dn6l3mg5kSIbKqrXjlr20pALBd-l5RHrLOAbGsI6vfML_mBUyFP8KruRFws05gRoZYvFsNpspaue7MwYzZlVEsYm3GULaw7pzQJ85NHF4xMzRojsGztpbJT=w1920-h1080-k-no,,4.8,49,https://maps.app.goo.gl/EK8EyFRk4b6WW5UP8,Tour,none,
Wyndham Quang Binh Golf & Beach Resort,"Wyndham Quang Binh Golf & Beach Resort is a sophisticated beachfront luxury destination located on Bao Ninh Beach, just a short drive from Đồng Hới. The resort includes stylish hotel rooms, suites, and villas—many offering stunning views of the ocean or lush gardens. Guests can enjoy two outdoor pools, private beach access, spa facilities, a fitness center, golf and tennis courts, and multiple dining venues. With modern design, excellent service, and a peaceful coastal setting, it’s an ideal upscale base combining beach relaxation and easy access to Phong Nha’s natural attractions.","FM23+586, Bảo Xuân, Đồng Hới, Quảng Bình 510000",,,,17.4504147,106.6532575,https://lh3.googleusercontent.com/gps-cs-s/AC9h4npA3upy1AotzFyI1uznfvCjxZkK3SHneGq7B_cglghHnmBSX350RPydFszAwHf1CMK86ZI4LLWVt_q_WQqQS0Sms2V-9xYWhXqt8soEF9gLb9JdVliZbP-S09fL1NBpN5gIAOGQ=w1920-h1080-k-no,,,5,5,https://maps.app.goo.gl/92oW88r5CWJah9px6,Accommodation,none,